2026-06-25, 00:23:30, 88000000, 90500000, 312500.00, 12288, 12.09, 9.66, 9.40, 13.53, 10.21, 10.21, 10.06, 16.13, 16.13
2026-06-25, 00:23:30, 90500000, 93000000, 312500.00, 12288, 10.73, 14.29, 9.07, 9.21, 18.45, 18.45, 11.24, 8.38, 8.38
2026-06-25, 00:23:30, 93000000, 95500000, 312500.00, 12288, 13.86, 14.20, 21.58, 15.60, 13.50, 13.50, 12.80, 13.66, 13.66
2026-06-25, 00:23:30, 95500000, 98000000, 312500.00, 12288, 12.71, 13.01, 18.36, 12.79, 15.59, 15.59, 12.62, 15.04, 15.04
2026-06-25, 00:23:30, 98000000, 100500000, 312500.00, 12288, 7.37, 17.20, 9.45, 9.19, 10.14, 10.14, 9.44, 9.45, 9.45
2026-06-25, 00:23:30, 100500000, 103000000, 312500.00, 12288, 16.11, 16.82, 15.26, 15.67, 15.30, 15.30, 15.45, 16.87, 16.87
2026-06-25, 00:23:30, 103000000, 105500000, 312500.00, 12288, 0.76, 3.14, 3.99, 2.73, 4.30, 4.30, 4.17, 4.64, 4.64
2026-06-25, 00:23:30, 105500000, 108000000, 312500.00, 12288, 14.91, 14.12, 17.47, 19.40, 16.12, 16.12, 19.01, 16.48, 16.48
2026-06-25, 00:23:40, 88000000, 90500000, 312500.00, 13312, 11.93, 9.54, 9.33, 13.72, 10.16, 10.16, 9.96, 15.96, 15.96
2026-06-25, 00:23:40, 90500000, 93000000, 312500.00, 13312, 10.66, 14.29, 9.05, 9.46, 18.47, 18.47, 11.24, 8.42, 8.42
2026-06-25, 00:23:40, 93000000, 95500000, 312500.00, 13312, 13.72, 14.02, 21.69, 15.29, 13.50, 13.50, 12.71, 13.47, 13.47
2026-06-25, 00:23:40, 95500000, 98000000, 312500.00, 13312, 12.65, 12.96, 18.20, 12.84, 15.80, 15.80, 12.67, 15.00, 15.00
2026-06-25, 00:23:40, 98000000, 100500000, 312500.00, 13312, 7.08, 16.99, 9.36, 9.04, 10.05, 10.05, 9.43, 9.41, 9.41
2026-06-25, 00:23:40, 100500000, 103000000, 312500.00, 13312, 15.93, 16.88, 15.36, 15.76, 15.32, 15.32, 15.47, 16.71, 16.71
2026-06-25, 00:23:40, 103000000, 105500000, 312500.00, 13312, 0.83, 3.08, 3.43, 2.48, 4.27, 4.27, 4.15, 4.68, 4.68
2026-06-25, 00:23:40, 105500000, 108000000, 312500.00, 13312, 14.79, 13.83, 17.27, 19.38, 16.46, 16.46, 19.20, 16.20, 16.20
2026-06-25, 00:23:50, 88000000, 90500000, 312500.00, 13312, 11.95, 9.53, 9.23, 13.71, 10.26, 10.26, 9.97, 16.01, 16.01
2026-06-25, 00:23:50, 90500000, 93000000, 312500.00, 13312, 11.08, 13.94, 9.08, 9.45, 18.35, 18.35, 11.34, 8.49, 8.49
2026-06-25, 00:23:50, 93000000, 95500000, 312500.00, 13312, 13.87, 14.21, 21.80, 15.06, 13.57, 13.57, 12.82, 13.58, 13.58
2026-06-25, 00:23:50, 95500000, 98000000, 312500.00, 13312, 12.56, 13.02, 18.25, 12.83, 15.55, 15.55, 12.63, 15.11, 15.11
2026-06-25, 00:23:50, 98000000, 100500000, 312500.00, 13312, 7.24, 17.16, 9.45, 9.09, 10.25, 10.25, 9.45, 9.48, 9.48
2026-06-25, 00:23:50, 100500000, 103000000, 312500.00, 13312, 16.16, 16.86, 15.67, 15.98, 15.48, 15.48, 15.71, 16.90, 16.90
2026-06-25, 00:23:50, 103000000, 105500000, 312500.00, 13312, 0.54, 3.05, 3.77, 2.69, 4.41, 4.41, 4.38, 4.81, 4.81
2026-06-25, 00:23:50, 105500000, 108000000, 312500.00, 13312, 14.94, 14.07, 17.18, 19.36, 16.50, 16.50, 19.13, 15.98, 15.98
2026-06-25, 00:24:00, 88000000, 90500000, 312500.00, 12288, 11.90, 9.59, 9.34, 13.75, 10.14, 10.14, 9.82, 15.99, 15.99
2026-06-25, 00:24:00, 90500000, 93000000, 312500.00, 12288, 10.62, 14.23, 9.03, 9.28, 18.33, 18.33, 11.29, 8.47, 8.47
2026-06-25, 00:24:00, 93000000, 95500000, 312500.00, 12288, 13.75, 14.14, 21.63, 15.34, 13.56, 13.56, 12.71, 13.59, 13.59
2026-06-25, 00:24:00, 95500000, 98000000, 312500.00, 12288, 12.74, 12.96, 18.15, 12.80, 15.76, 15.76, 12.71, 15.05, 15.05
2026-06-25, 00:24:00, 98000000, 100500000, 312500.00, 12288, 7.07, 17.28, 9.33, 9.12, 10.39, 10.39, 9.46, 9.58, 9.58
2026-06-25, 00:24:00, 100500000, 103000000, 312500.00, 12288, 15.91, 16.85, 15.35, 15.74, 15.30, 15.30, 15.55, 16.87, 16.87
2026-06-25, 00:24:00, 103000000, 105500000, 312500.00, 12288, 0.67, 2.89, 3.64, 2.63, 4.36, 4.36, 4.28, 4.74, 4.74
2026-06-25, 00:24:00, 105500000, 108000000, 312500.00, 12288, 15.09, 14.18, 17.31, 19.42, 16.28, 16.28, 18.96, 16.29, 16.29
2026-06-25, 00:24:10, 88000000, 90500000, 312500.00, 13312, 11.98, 9.50, 9.28, 13.63, 10.14, 10.14, 9.92, 15.93, 15.93
2026-06-25, 00:24:10, 90500000, 93000000, 312500.00, 13312, 10.56, 14.50, 9.21, 9.46, 18.34, 18.34, 11.45, 8.53, 8.53
2026-06-25, 00:24:10, 93000000, 95500000, 312500.00, 13312, 13.76, 14.07, 21.69, 15.35, 13.49, 13.49, 12.71, 13.45, 13.45
2026-06-25, 00:24:10, 95500000, 98000000, 312500.00, 13312, 12.61, 12.80, 18.18, 12.68, 15.78, 15.78, 12.62, 15.05, 15.05
2026-06-25, 00:24:10, 98000000, 100500000, 312500.00, 13312, 7.30, 17.03, 9.37, 9.24, 10.10, 10.10, 9.49, 9.52, 9.52
2026-06-25, 00:24:10, 100500000, 103000000, 312500.00, 13312, 15.86, 16.70, 15.27, 15.93, 15.67, 15.67, 15.71, 16.80, 16.80
2026-06-25, 00:24:10, 103000000, 105500000, 312500.00, 13312, 0.72, 3.18, 3.56, 2.60, 4.29, 4.29, 4.38, 4.74, 4.74
2026-06-25, 00:24:10, 105500000, 108000000, 312500.00, 13312, 15.10, 14.11, 17.32, 19.43, 16.25, 16.25, 18.96, 16.27, 16.27
2026-06-25, 00:24:20, 88000000, 90500000, 312500.00, 12288, 11.66, 9.60, 9.25, 13.66, 10.19, 10.19, 9.96, 16.17, 16.17
2026-06-25, 00:24:20, 90500000, 93000000, 312500.00, 12288, 10.64, 14.30, 9.23, 9.39, 18.38, 18.38, 11.20, 8.49, 8.49
2026-06-25, 00:24:20, 93000000, 95500000, 312500.00, 12288, 13.84, 14.21, 21.63, 15.55, 13.58, 13.58, 12.82, 13.56, 13.56
2026-06-25, 00:24:20, 95500000, 98000000, 312500.00, 12288, 12.59, 12.95, 18.35, 12.79, 15.63, 15.63, 12.59, 15.03, 15.03
2026-06-25, 00:24:20, 98000000, 100500000, 312500.00, 12288, 6.92, 17.29, 9.29, 9.09, 10.13, 10.13, 9.39, 9.39, 9.39
2026-06-25, 00:24:20, 100500000, 103000000, 312500.00, 12288, 15.90, 16.92, 15.36, 16.18, 15.30, 15.30, 15.37, 16.46, 16.46
2026-06-25, 00:24:20, 103000000, 105500000, 312500.00, 12288, 0.86, 3.14, 3.72, 2.49, 4.37, 4.37, 4.14, 4.36, 4.36
2026-06-25, 00:24:20, 105500000, 108000000, 312500.00, 12288, 15.06, 14.17, 17.26, 19.42, 16.30, 16.30, 18.96, 16.26, 16.26
2026-06-25, 00:24:30, 88000000, 90500000, 312500.00, 13312, 11.75, 9.61, 9.25, 13.66, 10.16, 10.16, 10.00, 16.19, 16.19
2026-06-25, 00:24:30, 90500000, 93000000, 312500.00, 13312, 10.93, 14.34, 9.21, 9.44, 18.46, 18.46, 11.35, 8.56, 8.56
2026-06-25, 00:24:30, 93000000, 95500000, 312500.00, 13312, 13.90, 14.24, 21.68, 15.47, 13.69, 13.69, 12.86, 13.65, 13.65
2026-06-25, 00:24:30, 95500000, 98000000, 312500.00, 13312, 12.70, 12.74, 18.34, 12.79, 15.69, 15.69, 12.64, 15.00, 15.00
2026-06-25, 00:24:30, 98000000, 100500000, 312500.00, 13312, 7.11, 17.33, 9.39, 9.25, 10.27, 10.27, 9.52, 9.49, 9.49
2026-06-25, 00:24:30, 100500000, 103000000, 312500.00, 13312, 16.08, 16.91, 15.48, 15.93, 15.41, 15.41, 15.71, 16.94, 16.94
2026-06-25, 00:24:30, 103000000, 105500000, 312500.00, 13312, 0.66, 3.03, 3.83, 2.73, 4.46, 4.46, 4.61, 4.75, 4.75
2026-06-25, 00:24:30, 105500000, 108000000, 312500.00, 13312, 15.01, 13.94, 17.07, 19.49, 16.58, 16.58, 19.01, 16.10, 16.10
2026-06-25, 00:24:40, 88000000, 90500000, 312500.00, 13312, 11.71, 9.52, 9.31, 13.68, 10.16, 10.16, 9.96, 16.16, 16.16
2026-06-25, 00:24:40, 90500000, 93000000, 312500.00, 13312, 10.63, 14.52, 9.22, 9.32, 18.38, 18.38, 11.21, 8.49, 8.49
2026-06-25, 00:24:40, 93000000, 95500000, 312500.00, 13312, 13.87, 14.12, 21.69, 15.42, 13.53, 13.53, 12.79, 13.61, 13.61
2026-06-25, 00:24:40, 95500000, 98000000, 312500.00, 13312, 12.68, 12.89, 18.33, 12.70, 15.67, 15.67, 12.60, 15.17, 15.17
2026-06-25, 00:24:40, 98000000, 100500000, 312500.00, 13312, 7.34, 17.18, 9.40, 9.19, 10.29, 10.29, 9.43, 9.48, 9.48
2026-06-25, 00:24:40, 100500000, 103000000, 312500.00, 13312, 15.96, 16.77, 15.25, 15.83, 15.40, 15.40, 15.48, 16.67, 16.67
2026-06-25, 00:24:40, 103000000, 105500000, 312500.00, 13312, 0.80, 3.12, 3.93, 2.68, 4.36, 4.36, 4.14, 4.38, 4.38
2026-06-25, 00:24:40, 105500000, 108000000, 312500.00, 13312, 14.92, 13.93, 17.66, 19.42, 15.88, 15.88, 18.98, 16.76, 16.76
2026-06-25, 00:24:50, 88000000, 90500000, 312500.00, 12288, 11.90, 9.58, 9.19, 13.78, 10.27, 10.27, 9.91, 16.07, 16.07
2026-06-25, 00:24:50, 90500000, 93000000, 312500.00, 12288, 10.81, 14.19, 9.12, 9.31, 18.26, 18.26, 11.19, 8.47, 8.47
2026-06-25, 00:24:50, 93000000, 95500000, 312500.00, 12288, 14.07, 14.04, 21.97, 14.72, 13.64, 13.64, 12.75, 13.54, 13.54
2026-06-25, 00:24:50, 95500000, 98000000, 312500.00, 12288, 12.47, 12.66, 18.39, 12.64, 15.61, 15.61, 12.47, 15.04, 15.04
2026-06-25, 00:24:50, 98000000, 100500000, 312500.00, 12288, 7.55, 17.33, 9.61, 9.34, 10.19, 10.19, 9.54, 9.74, 9.74
2026-06-25, 00:24:50, 100500000, 103000000, 312500.00, 12288, 15.92, 16.77, 15.24, 15.88, 15.31, 15.31, 15.27, 16.69, 16.69
2026-06-25, 00:24:50, 103000000, 105500000, 312500.00, 12288, 0.87, 2.86, 3.65, 2.53, 4.41, 4.41, 4.25, 4.40, 4.40
2026-06-25, 00:24:50, 105500000, 108000000, 312500.00, 12288, 14.91, 13.93, 17.40, 19.35, 16.30, 16.30, 19.11, 16.28, 16.28
2026-06-25, 00:25:00, 88000000, 90500000, 312500.00, 13312, 12.15, 9.57, 9.31, 13.78, 10.25, 10.25, 9.91, 15.86, 15.86
2026-06-25, 00:25:00, 90500000, 93000000, 312500.00, 13312, 10.31, 14.65, 9.08, 9.46, 18.43, 18.43, 11.26, 8.43, 8.43
2026-06-25, 00:25:00, 93000000, 95500000, 312500.00, 13312, 13.88, 14.39, 21.55, 15.66, 13.58, 13.58, 12.87, 13.67, 13.67
2026-06-25, 00:25:00, 95500000, 98000000, 312500.00, 13312, 12.51, 12.76, 18.34, 12.75, 15.72, 15.72, 12.49, 15.08, 15.08
2026-06-25, 00:25:00, 98000000, 100500000, 312500.00, 13312, 7.14, 17.28, 9.36, 9.02, 9.98, 9.98, 9.37, 9.51, 9.51
2026-06-25, 00:25:00, 100500000, 103000000, 312500.00, 13312, 15.95, 16.80, 15.31, 16.15, 15.63, 15.63, 15.52, 16.57, 16.57
2026-06-25, 00:25:00, 103000000, 105500000, 312500.00, 13312, 0.92, 2.94, 3.94, 2.70, 4.58, 4.58, 4.29, 4.34, 4.34
2026-06-25, 00:25:00, 105500000, 108000000, 312500.00, 13312, 15.03, 14.09, 17.45, 19.38, 16.11, 16.11, 19.00, 16.43, 16.43
2026-06-25, 00:25:10, 88000000, 90500000, 312500.00, 13312, 12.02, 9.63, 9.35, 13.79, 10.28, 10.28, 9.98, 16.06, 16.06
2026-06-25, 00:25:10, 90500000, 93000000, 312500.00, 13312, 10.91, 14.18, 9.13, 9.45, 18.46, 18.46, 11.15, 8.56, 8.56
2026-06-25, 00:25:10, 93000000, 95500000, 312500.00, 13312, 13.94, 14.28, 21.68, 15.41, 13.65, 13.65, 12.80, 13.57, 13.57
2026-06-25, 00:25:10, 95500000, 98000000, 312500.00, 13312, 12.63, 12.84, 18.32, 12.86, 15.70, 15.70, 12.62, 15.05, 15.05
2026-06-25, 00:25:10, 98000000, 100500000, 312500.00, 13312, 7.47, 17.09, 9.37, 9.17, 10.18, 10.18, 9.41, 9.60, 9.60
2026-06-25, 00:25:10, 100500000, 103000000, 312500.00, 13312, 16.07, 16.93, 15.55, 16.19, 15.59, 15.59, 15.73, 16.69, 16.69
2026-06-25, 00:25:10, 103000000, 105500000, 312500.00, 13312, 0.88, 2.98, 3.95, 2.70, 4.43, 4.43, 4.30, 4.52, 4.52
2026-06-25, 00:25:10, 105500000, 108000000, 312500.00, 13312, 14.98, 14.41, 17.25, 19.41, 16.35, 16.35, 19.15, 15.88, 15.88
2026-06-25, 00:25:20, 88000000, 90500000, 312500.00, 12288, 11.95, 9.46, 9.11, 13.89, 10.20, 10.20, 9.97, 16.04, 16.04
2026-06-25, 00:25:20, 90500000, 93000000, 312500.00, 12288, 10.62, 14.44, 9.16, 9.38, 18.43, 18.43, 11.24, 8.48, 8.48
2026-06-25, 00:25:20, 93000000, 95500000, 312500.00, 12288, 13.65, 13.95, 21.68, 15.28, 13.47, 13.47, 12.61, 13.49, 13.49
2026-06-25, 00:25:20, 95500000, 98000000, 312500.00, 12288, 12.74, 12.95, 18.23, 12.82, 15.87, 15.87, 12.72, 15.07, 15.07
2026-06-25, 00:25:20, 98000000, 100500000, 312500.00, 12288, 7.45, 17.20, 9.48, 9.22, 10.28, 10.28, 9.58, 9.61, 9.61
2026-06-25, 00:25:20, 100500000, 103000000, 312500.00, 12288, 16.12, 16.82, 15.58, 16.16, 15.71, 15.71, 15.89, 16.74, 16.74
2026-06-25, 00:25:20, 103000000, 105500000, 312500.00, 12288, 0.69, 2.91, 4.03, 2.72, 4.41, 4.41, 4.35, 4.62, 4.62
2026-06-25, 00:25:20, 105500000, 108000000, 312500.00, 12288, 14.90, 13.90, 17.42, 19.40, 16.15, 16.15, 19.05, 16.50, 16.50
2026-06-25, 00:25:30, 88000000, 90500000, 312500.00, 13312, 11.93, 9.53, 9.29, 13.74, 10.20, 10.20, 10.02, 16.02, 16.02
2026-06-25, 00:25:30, 90500000, 93000000, 312500.00, 13312, 10.74, 14.39, 9.13, 9.39, 18.37, 18.37, 11.34, 8.47, 8.47
2026-06-25, 00:25:30, 93000000, 95500000, 312500.00, 13312, 13.71, 14.08, 21.63, 15.44, 13.50, 13.50, 12.71, 13.58, 13.58
2026-06-25, 00:25:30, 95500000, 98000000, 312500.00, 13312, 12.61, 12.81, 18.27, 12.73, 15.75, 15.75, 12.67, 14.94, 14.94
2026-06-25, 00:25:30, 98000000, 100500000, 312500.00, 13312, 7.61, 17.14, 9.51, 9.20, 10.03, 10.03, 9.54, 9.66, 9.66
2026-06-25, 00:25:30, 100500000, 103000000, 312500.00, 13312, 16.16, 16.79, 15.40, 15.78, 15.45, 15.45, 15.77, 16.96, 16.96
2026-06-25, 00:25:30, 103000000, 105500000, 312500.00, 13312, 0.82, 2.81, 4.11, 2.73, 4.56, 4.56, 4.04, 4.36, 4.36
2026-06-25, 00:25:30, 105500000, 108000000, 312500.00, 13312, 14.97, 13.89, 17.42, 19.38, 16.25, 16.25, 19.00, 16.41, 16.41
2026-06-25, 00:25:40, 88000000, 90500000, 312500.00, 12288, 11.72, 9.58, 9.17, 13.78, 10.14, 10.14, 10.02, 16.03, 16.03
2026-06-25, 00:25:40, 90500000, 93000000, 312500.00, 12288, 10.68, 14.27, 9.16, 9.34, 18.47, 18.47, 11.18, 8.47, 8.47
2026-06-25, 00:25:40, 93000000, 95500000, 312500.00, 12288, 13.78, 14.07, 21.62, 15.38, 13.54, 13.54, 12.74, 13.53, 13.53
2026-06-25, 00:25:40, 95500000, 98000000, 312500.00, 12288, 12.61, 13.03, 18.28, 12.80, 15.55, 15.55, 12.70, 15.12, 15.12
2026-06-25, 00:25:40, 98000000, 100500000, 312500.00, 12288, 7.35, 17.21, 9.47, 9.24, 10.24, 10.24, 9.56, 9.51, 9.51
2026-06-25, 00:25:40, 100500000, 103000000, 312500.00, 12288, 15.88, 16.79, 15.27, 15.97, 15.35, 15.35, 15.59, 16.77, 16.77
2026-06-25, 00:25:40, 103000000, 105500000, 312500.00, 12288, 0.91, 2.98, 3.70, 2.74, 4.37, 4.37, 4.53, 4.58, 4.58
2026-06-25, 00:25:40, 105500000, 108000000, 312500.00, 12288, 14.91, 14.00, 17.45, 19.35, 16.30, 16.30, 19.03, 16.34, 16.34
2026-06-25, 00:25:50, 88000000, 90500000, 312500.00, 13312, 11.98, 9.53, 9.14, 13.77, 10.12, 10.12, 9.89, 16.03, 16.03
2026-06-25, 00:25:50, 90500000, 93000000, 312500.00, 13312, 10.86, 14.31, 9.16, 9.36, 18.53, 18.53, 11.04, 8.51, 8.51
2026-06-25, 00:25:50, 93000000, 95500000, 312500.00, 13312, 13.64, 14.10, 21.54, 15.61, 13.51, 13.51, 12.77, 13.43, 13.43
2026-06-25, 00:25:50, 95500000, 98000000, 312500.00, 13312, 12.86, 13.19, 18.28, 12.94, 15.53, 15.53, 12.93, 15.02, 15.02
2026-06-25, 00:25:50, 98000000, 100500000, 312500.00, 13312, 7.65, 17.16, 9.58, 9.22, 10.21, 10.21, 9.53, 9.63, 9.63
2026-06-25, 00:25:50, 100500000, 103000000, 312500.00, 13312, 16.07, 16.76, 15.15, 15.74, 15.33, 15.33, 15.46, 16.98, 16.98
2026-06-25, 00:25:50, 103000000, 105500000, 312500.00, 13312, 0.82, 3.05, 3.31, 2.52, 4.56, 4.56, 4.50, 4.61, 4.61
2026-06-25, 00:25:50, 105500000, 108000000, 312500.00, 13312, 14.80, 13.66, 17.25, 19.39, 16.56, 16.56, 19.25, 16.14, 16.14
2026-06-25, 00:26:00, 88000000, 90500000, 312500.00, 13312, 12.00, 9.51, 9.12, 13.72, 10.09, 10.09, 9.90, 15.91, 15.91
2026-06-25, 00:26:00, 90500000, 93000000, 312500.00, 13312, 10.69, 14.52, 9.27, 9.28, 18.53, 18.53, 11.25, 8.48, 8.48
2026-06-25, 00:26:00, 93000000, 95500000, 312500.00, 13312, 13.82, 13.94, 21.73, 15.13, 13.54, 13.54, 12.64, 13.49, 13.49
2026-06-25, 00:26:00, 95500000, 98000000, 312500.00, 13312, 12.62, 12.86, 18.31, 12.63, 15.87, 15.87, 12.63, 15.06, 15.06
2026-06-25, 00:26:00, 98000000, 100500000, 312500.00, 13312, 7.58, 17.22, 9.54, 9.27, 10.30, 10.30, 9.51, 9.56, 9.56
2026-06-25, 00:26:00, 100500000, 103000000, 312500.00, 13312, 15.40, 16.93, 15.19, 16.30, 15.15, 15.15, 15.13, 16.33, 16.33
2026-06-25, 00:26:00, 103000000, 105500000, 312500.00, 13312, 0.77, 2.93, 3.55, 2.41, 4.62, 4.62, 4.51, 4.73, 4.73
2026-06-25, 00:26:00, 105500000, 108000000, 312500.00, 13312, 14.81, 13.74, 17.32, 19.36, 16.37, 16.37, 19.19, 16.37, 16.37
2026-06-25, 00:26:10, 88000000, 90500000, 312500.00, 12288, 12.14, 9.50, 9.20, 13.82, 10.12, 10.12, 9.79, 15.77, 15.77
2026-06-25, 00:26:10, 90500000, 93000000, 312500.00, 12288, 10.36, 14.77, 9.11, 9.53, 18.39, 18.39, 11.25, 8.50, 8.50
2026-06-25, 00:26:10, 93000000, 95500000, 312500.00, 12288, 13.80, 14.16, 21.65, 15.41, 13.62, 13.62, 12.75, 13.56, 13.56
2026-06-25, 00:26:10, 95500000, 98000000, 312500.00, 12288, 12.53, 12.80, 18.24, 12.69, 15.80, 15.80, 12.56, 14.99, 14.99
2026-06-25, 00:26:10, 98000000, 100500000, 312500.00, 12288, 7.22, 17.16, 9.31, 9.21, 10.39, 10.39, 9.47, 9.44, 9.44
2026-06-25, 00:26:10, 100500000, 103000000, 312500.00, 12288, 15.63, 16.92, 15.45, 15.82, 15.27, 15.27, 15.72, 17.00, 17.00
2026-06-25, 00:26:10, 103000000, 105500000, 312500.00, 12288, 0.69, 2.83, 3.42, 2.30, 4.33, 4.33, 4.05, 4.15, 4.15
2026-06-25, 00:26:10, 105500000, 108000000, 312500.00, 12288, 14.96, 13.74, 17.04, 19.51, 16.77, 16.77, 19.06, 15.95, 15.95
2026-06-25, 00:26:20, 88000000, 90500000, 312500.00, 13312, 11.97, 9.63, 9.18, 13.70, 10.11, 10.11, 9.90, 16.10, 16.10
2026-06-25, 00:26:20, 90500000, 93000000, 312500.00, 13312, 11.03, 14.03, 9.09, 9.25, 18.53, 18.53, 11.06, 8.40, 8.40
2026-06-25, 00:26:20, 93000000, 95500000, 312500.00, 13312, 13.61, 14.02, 21.58, 15.56, 13.48, 13.48, 12.73, 13.46, 13.46
2026-06-25, 00:26:20, 95500000, 98000000, 312500.00, 13312, 12.47, 12.67, 18.34, 12.61, 15.85, 15.85, 12.53, 14.96, 14.96
2026-06-25, 00:26:20, 98000000, 100500000, 312500.00, 13312, 7.37, 17.49, 9.40, 9.13, 10.16, 10.16, 9.48, 9.51, 9.51
2026-06-25, 00:26:20, 100500000, 103000000, 312500.00, 13312, 15.80, 16.78, 15.03, 15.71, 15.12, 15.12, 15.26, 16.89, 16.89
2026-06-25, 00:26:20, 103000000, 105500000, 312500.00, 13312, 0.89, 2.90, 4.00, 2.72, 4.60, 4.60, 4.35, 4.49, 4.49
2026-06-25, 00:26:20, 105500000, 108000000, 312500.00, 13312, 15.12, 14.02, 17.07, 19.48, 16.71, 16.71, 18.90, 16.04, 16.04
2026-06-25, 00:26:30, 88000000, 90500000, 312500.00, 12288, 11.94, 9.60, 9.19, 13.87, 10.14, 10.14, 9.88, 16.05, 16.05
2026-06-25, 00:26:30, 90500000, 93000000, 312500.00, 12288, 10.39, 14.56, 9.17, 9.33, 18.42, 18.42, 11.21, 8.47, 8.47
2026-06-25, 00:26:30, 93000000, 95500000, 312500.00, 12288, 13.66, 14.00, 21.63, 15.39, 13.48, 13.48, 12.70, 13.42, 13.42
2026-06-25, 00:26:30, 95500000, 98000000, 312500.00, 12288, 12.76, 13.01, 18.24, 12.88, 15.68, 15.68, 12.74, 14.94, 14.94
2026-06-25, 00:26:30, 98000000, 100500000, 312500.00, 12288, 7.25, 17.25, 9.46, 9.17, 10.55, 10.55, 9.57, 9.53, 9.53
2026-06-25, 00:26:30, 100500000, 103000000, 312500.00, 12288, 15.77, 16.82, 15.12, 15.72, 15.25, 15.25, 15.31, 16.75, 16.75
2026-06-25, 00:26:30, 103000000, 105500000, 312500.00, 12288, 0.63, 2.81, 3.77, 2.60, 4.44, 4.44, 4.29, 4.31, 4.31
2026-06-25, 00:26:30, 105500000, 108000000, 312500.00, 12288, 14.98, 13.84, 17.44, 19.33, 16.22, 16.22, 18.99, 16.59, 16.59
2026-06-25, 00:26:40, 88000000, 90500000, 312500.00, 13312, 11.86, 9.57, 9.31, 13.72, 10.10, 10.10, 9.95, 16.16, 16.16
2026-06-25, 00:26:40, 90500000, 93000000, 312500.00, 13312, 10.89, 14.10, 9.04, 9.23, 18.39, 18.39, 11.13, 8.39, 8.39
2026-06-25, 00:26:40, 93000000, 95500000, 312500.00, 13312, 13.77, 14.04, 21.71, 15.28, 13.52, 13.52, 12.71, 13.57, 13.57
2026-06-25, 00:26:40, 95500000, 98000000, 312500.00, 13312, 12.61, 12.90, 18.42, 12.73, 15.77, 15.77, 12.60, 14.95, 14.95
2026-06-25, 00:26:40, 98000000, 100500000, 312500.00, 13312, 7.20, 17.29, 9.41, 9.00, 9.76, 9.76, 9.42, 9.60, 9.60
2026-06-25, 00:26:40, 100500000, 103000000, 312500.00, 13312, 16.23, 16.69, 15.33, 16.08, 15.59, 15.59, 15.59, 16.93, 16.93
2026-06-25, 00:26:40, 103000000, 105500000, 312500.00, 13312, 0.84, 2.88, 3.65, 2.61, 4.65, 4.65, 4.49, 4.44, 4.44
2026-06-25, 00:26:40, 105500000, 108000000, 312500.00, 13312, 15.13, 13.93, 17.24, 19.46, 16.43, 16.43, 18.90, 16.37, 16.37
2026-06-25, 00:26:50, 88000000, 90500000, 312500.00, 13312, 11.92, 9.57, 9.29, 13.74, 10.10, 10.10, 9.89, 16.02, 16.02
2026-06-25, 00:26:50, 90500000, 93000000, 312500.00, 13312, 10.49, 14.48, 9.11, 9.28, 18.49, 18.49, 11.25, 8.39, 8.39
2026-06-25, 00:26:50, 93000000, 95500000, 312500.00, 13312, 13.80, 14.15, 21.61, 15.51, 13.62, 13.62, 12.80, 13.59, 13.59
2026-06-25, 00:26:50, 95500000, 98000000, 312500.00, 13312, 12.57, 12.73, 18.39, 12.62, 15.61, 15.61, 12.57, 14.89, 14.89
2026-06-25, 00:26:50, 98000000, 100500000, 312500.00, 13312, 7.45, 17.28, 9.49, 9.21, 10.49, 10.49, 9.51, 9.49, 9.49
2026-06-25, 00:26:50, 100500000, 103000000, 312500.00, 13312, 15.74, 16.94, 15.09, 15.92, 15.06, 15.06, 15.14, 16.57, 16.57
2026-06-25, 00:26:50, 103000000, 105500000, 312500.00, 13312, 0.81, 2.85, 4.12, 2.90, 4.39, 4.39, 4.40, 4.51, 4.51
2026-06-25, 00:26:50, 105500000, 108000000, 312500.00, 13312, 14.99, 14.02, 17.23, 19.47, 16.45, 16.45, 18.97, 16.31, 16.31
2026-06-25, 00:27:00, 88000000, 90500000, 312500.00, 12288, 11.96, 9.53, 9.29, 13.78, 10.15, 10.15, 9.84, 15.94, 15.94
2026-06-25, 00:27:00, 90500000, 93000000, 312500.00, 12288, 10.76, 14.12, 9.01, 9.33, 18.50, 18.50, 11.13, 8.44, 8.44
2026-06-25, 00:27:00, 93000000, 95500000, 312500.00, 12288, 13.75, 14.26, 21.55, 15.68, 13.62, 13.62, 12.75, 13.58, 13.58
2026-06-25, 00:27:00, 95500000, 98000000, 312500.00, 12288, 12.57, 12.88, 18.33, 12.75, 15.57, 15.57, 12.60, 15.01, 15.01
2026-06-25, 00:27:00, 98000000, 100500000, 312500.00, 12288, 7.21, 17.22, 9.37, 9.20, 10.27, 10.27, 9.46, 9.44, 9.44
2026-06-25, 00:27:00, 100500000, 103000000, 312500.00, 12288, 15.84, 16.93, 15.38, 16.15, 15.25, 15.25, 15.25, 16.55, 16.55
2026-06-25, 00:27:00, 103000000, 105500000, 312500.00, 12288, 0.94, 3.14, 3.82, 2.69, 4.39, 4.39, 4.39, 4.57, 4.57
2026-06-25, 00:27:00, 105500000, 108000000, 312500.00, 12288, 15.09, 14.05, 17.17, 19.56, 16.42, 16.42, 18.93, 16.25, 16.25
2026-06-25, 00:27:10, 88000000, 90500000, 312500.00, 13312, 12.01, 9.50, 9.15, 13.84, 10.13, 10.13, 9.91, 15.95, 15.95
2026-06-25, 00:27:10, 90500000, 93000000, 312500.00, 13312, 10.70, 14.44, 9.24, 9.45, 18.41, 18.41, 11.25, 8.55, 8.55
2026-06-25, 00:27:10, 93000000, 95500000, 312500.00, 13312, 14.02, 14.13, 21.78, 15.11, 13.67, 13.67, 12.79, 13.62, 13.62
2026-06-25, 00:27:10, 95500000, 98000000, 312500.00, 13312, 12.59, 12.85, 18.35, 12.77, 15.40, 15.40, 12.70, 14.98, 14.98
2026-06-25, 00:27:10, 98000000, 100500000, 312500.00, 13312, 7.64, 17.16, 9.57, 9.33, 10.25, 10.25, 9.67, 9.76, 9.76
2026-06-25, 00:27:10, 100500000, 103000000, 312500.00, 13312, 15.89, 16.76, 15.24, 15.80, 15.38, 15.38, 15.54, 16.75, 16.75
2026-06-25, 00:27:10, 103000000, 105500000, 312500.00, 13312, 0.91, 2.83, 4.15, 2.77, 4.68, 4.68, 4.27, 4.28, 4.28
2026-06-25, 00:27:10, 105500000, 108000000, 312500.00, 13312, 14.98, 13.90, 17.22, 19.46, 16.41, 16.41, 19.05, 16.31, 16.31
2026-06-25, 00:27:20, 88000000, 90500000, 312500.00, 12288, 11.81, 9.60, 9.23, 13.76, 10.13, 10.13, 9.87, 16.09, 16.09
2026-06-25, 00:27:20, 90500000, 93000000, 312500.00, 12288, 10.46, 14.43, 9.10, 9.47, 18.44, 18.44, 11.17, 8.53, 8.53
2026-06-25, 00:27:20, 93000000, 95500000, 312500.00, 12288, 13.86, 14.26, 21.52, 15.62, 13.61, 13.61, 12.82, 13.56, 13.56
2026-06-25, 00:27:20, 95500000, 98000000, 312500.00, 12288, 12.60, 12.90, 18.26, 12.73, 15.69, 15.69, 12.62, 15.11, 15.11
2026-06-25, 00:27:20, 98000000, 100500000, 312500.00, 12288, 6.90, 17.22, 9.34, 8.98, 10.07, 10.07, 9.35, 9.45, 9.45
2026-06-25, 00:27:20, 100500000, 103000000, 312500.00, 12288, 16.14, 16.77, 15.38, 16.00, 15.53, 15.53, 15.61, 16.75, 16.75
2026-06-25, 00:27:20, 103000000, 105500000, 312500.00, 12288, 0.73, 2.95, 4.06, 2.81, 4.45, 4.45, 4.40, 4.47, 4.47
2026-06-25, 00:27:20, 105500000, 108000000, 312500.00, 12288, 15.00, 13.90, 17.09, 19.44, 16.65, 16.65, 19.05, 16.08, 16.08
2026-06-25, 00:27:30, 88000000, 90500000, 312500.00, 13312, 12.10, 9.59, 9.27, 13.81, 10.18, 10.18, 10.02, 15.86, 15.86
2026-06-25, 00:27:30, 90500000, 93000000, 312500.00, 13312, 10.54, 14.46, 9.16, 9.45, 18.35, 18.35, 11.28, 8.44, 8.44
2026-06-25, 00:27:30, 93000000, 95500000, 312500.00, 13312, 13.79, 14.25, 21.66, 15.36, 13.57, 13.57, 12.82, 13.56, 13.56
2026-06-25, 00:27:30, 95500000, 98000000, 312500.00, 13312, 12.53, 12.84, 18.28, 12.74, 15.59, 15.59, 12.53, 15.05, 15.05
2026-06-25, 00:27:30, 98000000, 100500000, 312500.00, 13312, 7.47, 17.10, 9.43, 9.23, 10.19, 10.19, 9.57, 9.52, 9.52
2026-06-25, 00:27:30, 100500000, 103000000, 312500.00, 13312, 16.16, 16.92, 15.49, 16.06, 15.67, 15.67, 15.94, 16.97, 16.97
2026-06-25, 00:27:30, 103000000, 105500000, 312500.00, 13312, 0.99, 3.06, 3.60, 2.54, 4.54, 4.54, 4.39, 4.68, 4.68
2026-06-25, 00:27:30, 105500000, 108000000, 312500.00, 13312, 14.67, 13.60, 17.12, 19.37, 16.64, 16.64, 19.33, 16.13, 16.13
2026-06-25, 00:27:40, 88000000, 90500000, 312500.00, 13312, 12.07, 9.49, 9.16, 13.79, 10.21, 10.21, 9.92, 15.91, 15.91
2026-06-25, 00:27:40, 90500000, 93000000, 312500.00, 13312, 10.79, 14.25, 9.15, 9.40, 18.43, 18.43, 11.22, 8.46, 8.46
2026-06-25, 00:27:40, 93000000, 95500000, 312500.00, 13312, 13.94, 14.27, 21.75, 15.17, 13.61, 13.61, 12.87, 13.70, 13.70
2026-06-25, 00:27:40, 95500000, 98000000, 312500.00, 13312, 12.42, 12.91, 18.33, 12.68, 15.67, 15.67, 12.53, 15.05, 15.05
2026-06-25, 00:27:40, 98000000, 100500000, 312500.00, 13312, 7.39, 17.20, 9.34, 9.12, 10.21, 10.21, 9.55, 9.53, 9.53
2026-06-25, 00:27:40, 100500000, 103000000, 312500.00, 13312, 16.30, 16.73, 15.30, 16.04, 15.47, 15.47, 15.47, 16.78, 16.78
2026-06-25, 00:27:40, 103000000, 105500000, 312500.00, 13312, 0.98, 3.00, 3.63, 2.60, 4.41, 4.41, 4.34, 4.74, 4.74
2026-06-25, 00:27:40, 105500000, 108000000, 312500.00, 13312, 14.92, 13.72, 17.36, 19.44, 16.31, 16.31, 19.09, 16.53, 16.53
2026-06-25, 00:27:50, 88000000, 90500000, 312500.00, 12288, 11.95, 9.59, 9.31, 13.83, 10.14, 10.14, 9.99, 16.07, 16.07
2026-06-25, 00:27:50, 90500000, 93000000, 312500.00, 12288, 10.79, 14.22, 9.04, 9.36, 18.43, 18.43, 11.21, 8.50, 8.50
2026-06-25, 00:27:50, 93000000, 95500000, 312500.00, 12288, 14.00, 14.26, 21.77, 15.20, 13.64, 13.64, 12.85, 13.67, 13.67
2026-06-25, 00:27:50, 95500000, 98000000, 312500.00, 12288, 12.07, 12.52, 18.43, 12.39, 15.55, 15.55, 12.37, 14.82, 14.82
2026-06-25, 00:27:50, 98000000, 100500000, 312500.00, 12288, 7.35, 17.26, 9.40, 9.27, 10.23, 10.23, 9.52, 9.57, 9.57
2026-06-25, 00:27:50, 100500000, 103000000, 312500.00, 12288, 15.81, 16.93, 15.37, 16.03, 15.34, 15.34, 15.49, 16.58, 16.58
2026-06-25, 00:27:50, 103000000, 105500000, 312500.00, 12288, 0.82, 2.97, 3.73, 2.72, 4.53, 4.53, 4.57, 4.83, 4.83
2026-06-25, 00:27:50, 105500000, 108000000, 312500.00, 12288, 14.94, 14.07, 17.26, 19.46, 16.40, 16.40, 19.00, 16.34, 16.34
2026-06-25, 00:28:00, 88000000, 90500000, 312500.00, 13312, 12.11, 9.58, 9.23, 13.70, 10.19, 10.19, 9.94, 15.98, 15.98
2026-06-25, 00:28:00, 90500000, 93000000, 312500.00, 13312, 10.84, 14.17, 9.12, 9.20, 18.30, 18.30, 11.27, 8.49, 8.49
2026-06-25, 00:28:00, 93000000, 95500000, 312500.00, 13312, 13.83, 14.09, 21.70, 15.10, 13.54, 13.54, 12.71, 13.51, 13.51
2026-06-25, 00:28:00, 95500000, 98000000, 312500.00, 13312, 12.46, 12.65, 18.42, 12.53, 15.76, 15.76, 12.48, 14.89, 14.89
2026-06-25, 00:28:00, 98000000, 100500000, 312500.00, 13312, 7.54, 17.32, 9.58, 9.31, 10.39, 10.39, 9.66, 9.68, 9.68
2026-06-25, 00:28:00, 100500000, 103000000, 312500.00, 13312, 15.37, 16.93, 15.08, 15.73, 14.91, 14.91, 14.88, 16.45, 16.45
2026-06-25, 00:28:00, 103000000, 105500000, 312500.00, 13312, 0.66, 3.06, 3.57, 2.56, 4.56, 4.56, 4.33, 4.96, 4.96
2026-06-25, 00:28:00, 105500000, 108000000, 312500.00, 13312, 14.84, 13.62, 17.38, 19.36, 16.33, 16.33, 19.12, 16.46, 16.46
2026-06-25, 00:28:10, 88000000, 90500000, 312500.00, 13312, 11.89, 9.49, 9.08, 13.83, 10.06, 10.06, 9.85, 16.07, 16.07
2026-06-25, 00:28:10, 90500000, 93000000, 312500.00, 13312, 10.63, 14.39, 9.12, 9.39, 18.32, 18.32, 11.22, 8.40, 8.40
2026-06-25, 00:28:10, 93000000, 95500000, 312500.00, 13312, 13.92, 14.11, 21.79, 15.06, 13.60, 13.60, 12.77, 13.59, 13.59
2026-06-25, 00:28:10, 95500000, 98000000, 312500.00, 13312, 12.41, 12.75, 18.34, 12.58, 15.69, 15.69, 12.37, 14.92, 14.92
2026-06-25, 00:28:10, 98000000, 100500000, 312500.00, 13312, 7.31, 17.27, 9.42, 9.23, 10.19, 10.19, 9.52, 9.56, 9.56
2026-06-25, 00:28:10, 100500000, 103000000, 312500.00, 13312, 16.11, 16.71, 15.01, 15.49, 15.22, 15.22, 15.44, 17.21, 17.21
2026-06-25, 00:28:10, 103000000, 105500000, 312500.00, 13312, 0.59, 3.02, 3.84, 2.63, 4.46, 4.46, 4.35, 4.62, 4.62
2026-06-25, 00:28:10, 105500000, 108000000, 312500.00, 13312, 14.75, 13.58, 17.33, 19.43, 16.42, 16.42, 19.14, 16.50, 16.50
2026-06-25, 00:28:20, 88000000, 90500000, 312500.00, 12288, 11.76, 9.48, 9.12, 13.67, 10.09, 10.09, 9.76, 16.12, 16.12
2026-06-25, 00:28:20, 90500000, 93000000, 312500.00, 12288, 10.63, 14.38, 9.00, 9.34, 18.36, 18.36, 11.27, 8.46, 8.46
2026-06-25, 00:28:20, 93000000, 95500000, 312500.00, 12288, 13.91, 14.23, 21.71, 15.20, 13.67, 13.67, 12.88, 13.57, 13.57
2026-06-25, 00:28:20, 95500000, 98000000, 312500.00, 12288, 12.40, 12.61, 18.33, 12.56, 15.76, 15.76, 12.45, 14.82, 14.82
2026-06-25, 00:28:20, 98000000, 100500000, 312500.00, 12288, 7.68, 17.21, 9.54, 9.22, 10.24, 10.24, 9.55, 9.73, 9.73
2026-06-25, 00:28:20, 100500000, 103000000, 312500.00, 12288, 16.15, 16.92, 15.42, 15.44, 15.18, 15.18, 15.87, 17.37, 17.37
2026-06-25, 00:28:20, 103000000, 105500000, 312500.00, 12288, 0.62, 2.98, 3.59, 2.49, 4.30, 4.30, 4.23, 4.62, 4.62
2026-06-25, 00:28:20, 105500000, 108000000, 312500.00, 12288, 14.93, 13.93, 17.47, 19.37, 16.04, 16.04, 19.12, 16.54, 16.54
2026-06-25, 00:28:30, 88000000, 90500000, 312500.00, 13312, 11.86, 9.53, 9.06, 13.80, 10.07, 10.07, 9.91, 16.00, 16.00
2026-06-25, 00:28:30, 90500000, 93000000, 312500.00, 13312, 10.73, 14.35, 9.11, 9.35, 18.42, 18.42, 11.27, 8.48, 8.48
2026-06-25, 00:28:30, 93000000, 95500000, 312500.00, 13312, 13.82, 14.28, 21.68, 15.23, 13.63, 13.63, 12.80, 13.59, 13.59
2026-06-25, 00:28:30, 95500000, 98000000, 312500.00, 13312, 12.42, 12.70, 18.27, 12.56, 15.77, 15.77, 12.49, 14.91, 14.91
2026-06-25, 00:28:30, 98000000, 100500000, 312500.00, 13312, 7.46, 17.28, 9.46, 9.11, 9.94, 9.94, 9.40, 9.68, 9.68
2026-06-25, 00:28:30, 100500000, 103000000, 312500.00, 13312, 16.19, 16.81, 15.32, 15.79, 15.36, 15.36, 15.58, 16.95, 16.95
2026-06-25, 00:28:30, 103000000, 105500000, 312500.00, 13312, 0.68, 3.06, 3.57, 2.68, 4.26, 4.26, 4.45, 4.78, 4.78
2026-06-25, 00:28:30, 105500000, 108000000, 312500.00, 13312, 14.91, 13.85, 17.15, 19.35, 16.61, 16.61, 19.18, 16.01, 16.01
2026-06-25, 00:28:40, 88000000, 90500000, 312500.00, 12288, 11.94, 9.58, 9.14, 13.80, 10.12, 10.12, 9.88, 15.92, 15.92
2026-06-25, 00:28:40, 90500000, 93000000, 312500.00, 12288, 10.72, 14.40, 9.25, 9.34, 18.42, 18.42, 11.29, 8.49, 8.49
2026-06-25, 00:28:40, 93000000, 95500000, 312500.00, 12288, 13.95, 14.26, 21.67, 15.37, 13.68, 13.68, 12.91, 13.61, 13.61
2026-06-25, 00:28:40, 95500000, 98000000, 312500.00, 12288, 12.49, 12.81, 18.34, 12.58, 15.69, 15.69, 12.50, 14.87, 14.87
2026-06-25, 00:28:40, 98000000, 100500000, 312500.00, 12288, 7.41, 17.26, 9.44, 9.21, 10.36, 10.36, 9.61, 9.60, 9.60
2026-06-25, 00:28:40, 100500000, 103000000, 312500.00, 12288, 15.61, 16.90, 15.18, 15.79, 15.20, 15.20, 15.37, 16.76, 16.76
2026-06-25, 00:28:40, 103000000, 105500000, 312500.00, 12288, 0.55, 2.88, 4.06, 2.66, 4.20, 4.20, 4.26, 4.38, 4.38
2026-06-25, 00:28:40, 105500000, 108000000, 312500.00, 12288, 15.20, 13.99, 16.86, 19.54, 16.90, 16.90, 18.95, 15.80, 15.80
2026-06-25, 00:28:50, 88000000, 90500000, 312500.00, 13312, 11.98, 9.55, 9.19, 13.70, 10.13, 10.13, 9.79, 15.92, 15.92
2026-06-25, 00:28:50, 90500000, 93000000, 312500.00, 13312, 10.34, 14.67, 9.16, 9.29, 18.31, 18.31, 11.36, 8.46, 8.46
2026-06-25, 00:28:50, 93000000, 95500000, 312500.00, 13312, 13.89, 14.09, 21.72, 15.25, 13.55, 13.55, 12.79, 13.55, 13.55
2026-06-25, 00:28:50, 95500000, 98000000, 312500.00, 13312, 12.62, 12.76, 18.47, 12.64, 15.73, 15.73, 12.57, 14.81, 14.81
2026-06-25, 00:28:50, 98000000, 100500000, 312500.00, 13312, 7.53, 17.24, 9.39, 9.22, 10.46, 10.46, 9.58, 9.72, 9.72
2026-06-25, 00:28:50, 100500000, 103000000, 312500.00, 13312, 15.81, 16.96, 15.26, 15.73, 15.26, 15.26, 15.52, 17.08, 17.08
2026-06-25, 00:28:50, 103000000, 105500000, 312500.00, 13312, 0.63, 3.07, 3.70, 2.69, 4.71, 4.71, 4.60, 4.98, 4.98
2026-06-25, 00:28:50, 105500000, 108000000, 312500.00, 13312, 15.12, 14.06, 16.94, 19.48, 16.76, 16.76, 19.00, 15.81, 15.81
2026-06-25, 00:29:00, 88000000, 90500000, 312500.00, 13312, 12.13, 9.56, 9.16, 13.76, 10.15, 10.15, 9.82, 15.86, 15.86
2026-06-25, 00:29:00, 90500000, 93000000, 312500.00, 13312, 10.61, 14.47, 9.13, 9.39, 18.40, 18.40, 11.17, 8.47, 8.47
2026-06-25, 00:29:00, 93000000, 95500000, 312500.00, 13312, 13.80, 14.18, 21.62, 15.43, 13.55, 13.55, 12.82, 13.57, 13.57
2026-06-25, 00:29:00, 95500000, 98000000, 312500.00, 13312, 12.65, 12.85, 18.32, 12.71, 15.58, 15.58, 12.71, 15.01, 15.01
2026-06-25, 00:29:00, 98000000, 100500000, 312500.00, 13312, 7.41, 17.24, 9.35, 9.19, 10.42, 10.42, 9.59, 9.43, 9.43
2026-06-25, 00:29:00, 100500000, 103000000, 312500.00, 13312, 16.21, 16.83, 15.29, 15.69, 15.37, 15.37, 15.77, 17.16, 17.16
2026-06-25, 00:29:00, 103000000, 105500000, 312500.00, 13312, 0.75, 2.99, 3.47, 2.63, 4.39, 4.39, 4.30, 4.68, 4.68
2026-06-25, 00:29:00, 105500000, 108000000, 312500.00, 13312, 15.00, 13.83, 17.25, 19.44, 16.45, 16.45, 19.08, 16.34, 16.34
2026-06-25, 00:29:10, 88000000, 90500000, 312500.00, 12288, 12.04, 9.60, 9.10, 13.77, 10.06, 10.06, 9.87, 15.93, 15.93
2026-06-25, 00:29:10, 90500000, 93000000, 312500.00, 12288, 10.84, 14.31, 9.19, 9.45, 18.49, 18.49, 11.15, 8.59, 8.59
2026-06-25, 00:29:10, 93000000, 95500000, 312500.00, 12288, 13.86, 14.06, 21.76, 15.14, 13.57, 13.57, 12.69, 13.51, 13.51
2026-06-25, 00:29:10, 95500000, 98000000, 312500.00, 12288, 12.53, 12.78, 18.39, 12.62, 15.67, 15.67, 12.55, 14.88, 14.88
2026-06-25, 00:29:10, 98000000, 100500000, 312500.00, 12288, 7.28, 17.31, 9.32, 9.05, 10.10, 10.10, 9.40, 9.45, 9.45
2026-06-25, 00:29:10, 100500000, 103000000, 312500.00, 12288, 15.77, 16.85, 15.33, 15.67, 15.28, 15.28, 15.57, 16.89, 16.89
2026-06-25, 00:29:10, 103000000, 105500000, 312500.00, 12288, 0.65, 3.06, 3.56, 2.66, 4.25, 4.25, 4.30, 4.72, 4.72
2026-06-25, 00:29:10, 105500000, 108000000, 312500.00, 12288, 14.92, 13.77, 17.06, 19.45, 16.68, 16.68, 19.12, 16.01, 16.01
2026-06-25, 00:29:20, 88000000, 90500000, 312500.00, 13312, 11.95, 9.53, 9.08, 13.76, 10.15, 10.15, 9.91, 15.88, 15.88
2026-06-25, 00:29:20, 90500000, 93000000, 312500.00, 13312, 10.56, 14.40, 9.27, 9.35, 18.45, 18.45, 11.17, 8.50, 8.50
2026-06-25, 00:29:20, 93000000, 95500000, 312500.00, 13312, 13.81, 14.28, 21.59, 15.47, 13.55, 13.55, 12.79, 13.60, 13.60
2026-06-25, 00:29:20, 95500000, 98000000, 312500.00, 13312, 12.52, 12.64, 18.38, 12.59, 15.71, 15.71, 12.43, 14.96, 14.96
2026-06-25, 00:29:20, 98000000, 100500000, 312500.00, 13312, 7.08, 17.06, 9.21, 9.06, 9.82, 9.82, 9.33, 9.48, 9.48
2026-06-25, 00:29:20, 100500000, 103000000, 312500.00, 13312, 16.40, 16.79, 15.41, 15.89, 15.57, 15.57, 15.89, 17.04, 17.04
2026-06-25, 00:29:20, 103000000, 105500000, 312500.00, 13312, 0.78, 3.10, 3.64, 2.67, 4.38, 4.38, 4.35, 4.64, 4.64
2026-06-25, 00:29:20, 105500000, 108000000, 312500.00, 13312, 14.97, 14.06, 17.47, 19.36, 16.15, 16.15, 19.02, 16.52, 16.52
2026-06-25, 00:29:30, 88000000, 90500000, 312500.00, 12288, 12.07, 9.57, 9.13, 13.81, 10.14, 10.14, 9.99, 15.88, 15.88
2026-06-25, 00:29:30, 90500000, 93000000, 312500.00, 12288, 10.85, 14.35, 9.30, 9.31, 18.35, 18.35, 11.27, 8.50, 8.50
2026-06-25, 00:29:30, 93000000, 95500000, 312500.00, 12288, 13.99, 14.19, 21.69, 15.34, 13.63, 13.63, 12.79, 13.67, 13.67
2026-06-25, 00:29:30, 95500000, 98000000, 312500.00, 12288, 12.38, 12.67, 18.41, 12.54, 15.50, 15.50, 12.54, 14.95, 14.95
2026-06-25, 00:29:30, 98000000, 100500000, 312500.00, 12288, 7.21, 17.33, 9.37, 9.10, 10.32, 10.32, 9.48, 9.38, 9.38
2026-06-25, 00:29:30, 100500000, 103000000, 312500.00, 12288, 16.01, 16.80, 14.97, 15.47, 15.16, 15.16, 15.32, 17.11, 17.11
2026-06-25, 00:29:30, 103000000, 105500000, 312500.00, 12288, 0.62, 3.05, 3.54, 2.35, 4.54, 4.54, 4.33, 4.67, 4.67
2026-06-25, 00:29:30, 105500000, 108000000, 312500.00, 12288, 14.90, 13.78, 17.69, 19.37, 15.83, 15.83, 19.03, 16.87, 16.87
2026-06-25, 00:29:40, 88000000, 90500000, 312500.00, 13312, 11.83, 9.47, 9.12, 13.73, 10.02, 10.02, 9.81, 15.96, 15.96
2026-06-25, 00:29:40, 90500000, 93000000, 312500.00, 13312, 10.73, 14.37, 9.19, 9.42, 18.35, 18.35, 11.28, 8.51, 8.51
2026-06-25, 00:29:40, 93000000, 95500000, 312500.00, 13312, 14.03, 14.37, 21.67, 15.48, 13.68, 13.68, 12.83, 13.62, 13.62
2026-06-25, 00:29:40, 95500000, 98000000, 312500.00, 13312, 12.37, 12.72, 18.35, 12.65, 15.60, 15.60, 12.50, 14.89, 14.89
2026-06-25, 00:29:40, 98000000, 100500000, 312500.00, 13312, 6.97, 17.19, 9.29, 9.08, 10.06, 10.06, 9.38, 9.36, 9.36
2026-06-25, 00:29:40, 100500000, 103000000, 312500.00, 13312, 16.03, 16.86, 15.51, 15.99, 15.61, 15.61, 15.79, 16.96, 16.96
2026-06-25, 00:29:40, 103000000, 105500000, 312500.00, 13312, 0.67, 2.95, 3.60, 2.67, 4.63, 4.63, 4.34, 4.81, 4.81
2026-06-25, 00:29:40, 105500000, 108000000, 312500.00, 13312, 14.95, 13.70, 17.25, 19.45, 16.57, 16.57, 19.10, 16.32, 16.32
2026-06-25, 00:29:50, 88000000, 90500000, 312500.00, 13312, 11.96, 9.47, 9.15, 13.74, 10.11, 10.11, 9.88, 16.03, 16.03
2026-06-25, 00:29:50, 90500000, 93000000, 312500.00, 13312, 11.04, 14.33, 9.25, 9.35, 18.38, 18.38, 11.15, 8.52, 8.52
2026-06-25, 00:29:50, 93000000, 95500000, 312500.00, 13312, 13.98, 14.15, 21.84, 15.07, 13.70, 13.70, 12.81, 13.58, 13.58
2026-06-25, 00:29:50, 95500000, 98000000, 312500.00, 13312, 12.51, 12.88, 18.32, 12.68, 15.53, 15.53, 12.53, 15.09, 15.09
2026-06-25, 00:29:50, 98000000, 100500000, 312500.00, 13312, 7.71, 17.30, 9.61, 9.34, 10.24, 10.24, 9.59, 9.63, 9.63
2026-06-25, 00:29:50, 100500000, 103000000, 312500.00, 13312, 16.28, 16.81, 15.45, 15.98, 15.59, 15.59, 15.85, 17.09, 17.09
2026-06-25, 00:29:50, 103000000, 105500000, 312500.00, 13312, 0.73, 3.08, 3.81, 2.57, 4.46, 4.46, 4.28, 4.35, 4.35
2026-06-25, 00:29:50, 105500000, 108000000, 312500.00, 13312, 15.08, 13.97, 17.09, 19.51, 16.68, 16.68, 18.94, 16.15, 16.15
2026-06-25, 00:30:00, 88000000, 90500000, 312500.00, 12288, 11.87, 9.46, 9.19, 13.77, 10.13, 10.13, 9.93, 16.03, 16.03
2026-06-25, 00:30:00, 90500000, 93000000, 312500.00, 12288, 10.57, 14.57, 9.25, 9.46, 18.44, 18.44, 11.22, 8.45, 8.45
2026-06-25, 00:30:00, 93000000, 95500000, 312500.00, 12288, 14.04, 14.39, 21.60, 15.56, 13.65, 13.65, 12.98, 13.67, 13.67
2026-06-25, 00:30:00, 95500000, 98000000, 312500.00, 12288, 12.38, 12.70, 18.42, 12.58, 15.41, 15.41, 12.43, 14.95, 14.95
2026-06-25, 00:30:00, 98000000, 100500000, 312500.00, 12288, 7.36, 17.40, 9.50, 9.22, 10.38, 10.38, 9.50, 9.57, 9.57
2026-06-25, 00:30:00, 100500000, 103000000, 312500.00, 12288, 16.50, 16.76, 15.46, 15.94, 15.62, 15.62, 15.86, 17.03, 17.03
2026-06-25, 00:30:00, 103000000, 105500000, 312500.00, 12288, 0.71, 2.99, 3.87, 2.48, 4.84, 4.84, 4.34, 4.58, 4.58
2026-06-25, 00:30:00, 105500000, 108000000, 312500.00, 12288, 14.84, 13.84, 17.50, 19.31, 16.11, 16.11, 19.08, 16.58, 16.58
2026-06-25, 00:30:10, 88000000, 90500000, 312500.00, 13312, 12.08, 9.63, 9.32, 13.74, 10.14, 10.14, 9.96, 15.87, 15.87
2026-06-25, 00:30:10, 90500000, 93000000, 312500.00, 13312, 10.76, 14.25, 9.10, 9.29, 18.45, 18.45, 11.23, 8.44, 8.44
2026-06-25, 00:30:10, 93000000, 95500000, 312500.00, 13312, 14.07, 14.28, 21.71, 15.32, 13.78, 13.78, 12.99, 13.66, 13.66
2026-06-25, 00:30:10, 95500000, 98000000, 312500.00, 13312, 12.31, 12.75, 18.47, 12.50, 15.40, 15.40, 12.37, 14.86, 14.86
2026-06-25, 00:30:10, 98000000, 100500000, 312500.00, 13312, 7.68, 17.46, 9.53, 9.24, 10.44, 10.44, 9.66, 9.68, 9.68
2026-06-25, 00:30:10, 100500000, 103000000, 312500.00, 13312, 15.87, 16.92, 15.29, 15.77, 15.30, 15.30, 15.56, 16.84, 16.84
2026-06-25, 00:30:10, 103000000, 105500000, 312500.00, 13312, 0.94, 3.18, 3.82, 2.68, 4.46, 4.46, 4.37, 4.41, 4.41
2026-06-25, 00:30:10, 105500000, 108000000, 312500.00, 13312, 15.10, 14.09, 17.03, 19.56, 16.63, 16.63, 18.96, 16.02, 16.02
2026-06-25, 00:30:20, 88000000, 90500000, 312500.00, 13312, 11.56, 9.49, 9.18, 13.63, 10.10, 10.10, 9.83, 16.10, 16.10
2026-06-25, 00:30:20, 90500000, 93000000, 312500.00, 13312, 10.77, 14.22, 9.20, 9.30, 18.41, 18.41, 11.30, 8.57, 8.57
2026-06-25, 00:30:20, 93000000, 95500000, 312500.00, 13312, 13.92, 14.23, 21.79, 15.23, 13.70, 13.70, 12.87, 13.63, 13.63
2026-06-25, 00:30:20, 95500000, 98000000, 312500.00, 13312, 12.49, 12.70, 18.40, 12.65, 15.61, 15.61, 12.59, 15.02, 15.02
2026-06-25, 00:30:20, 98000000, 100500000, 312500.00, 13312, 7.59, 17.12, 9.47, 9.16, 10.21, 10.21, 9.45, 9.52, 9.52
2026-06-25, 00:30:20, 100500000, 103000000, 312500.00, 13312, 15.90, 16.87, 15.39, 15.60, 15.29, 15.29, 15.71, 17.00, 17.00
2026-06-25, 00:30:20, 103000000, 105500000, 312500.00, 13312, 0.63, 3.21, 3.73, 2.65, 4.58, 4.58, 4.47, 4.78, 4.78
2026-06-25, 00:30:20, 105500000, 108000000, 312500.00, 13312, 15.04, 13.99, 17.39, 19.43, 16.23, 16.23, 18.95, 16.48, 16.48
2026-06-25, 00:30:30, 88000000, 90500000, 312500.00, 12288, 11.86, 9.54, 9.15, 13.72, 10.12, 10.12, 9.87, 16.01, 16.01
2026-06-25, 00:30:30, 90500000, 93000000, 312500.00, 12288, 11.04, 14.18, 9.25, 9.59, 18.49, 18.49, 11.31, 8.57, 8.57
2026-06-25, 00:30:30, 93000000, 95500000, 312500.00, 12288, 13.77, 14.11, 21.64, 15.50, 13.52, 13.52, 12.83, 13.51, 13.51
2026-06-25, 00:30:30, 95500000, 98000000, 312500.00, 12288, 12.40, 12.50, 18.27, 12.59, 15.70, 15.70, 12.44, 14.92, 14.92
2026-06-25, 00:30:30, 98000000, 100500000, 312500.00, 12288, 7.43, 17.43, 9.36, 9.22, 10.30, 10.30, 9.49, 9.64, 9.64
2026-06-25, 00:30:30, 100500000, 103000000, 312500.00, 12288, 16.08, 16.92, 15.25, 15.74, 15.21, 15.21, 15.54, 16.85, 16.85
2026-06-25, 00:30:30, 103000000, 105500000, 312500.00, 12288, 0.81, 3.29, 3.76, 2.72, 4.79, 4.79, 4.41, 4.62, 4.62
2026-06-25, 00:30:30, 105500000, 108000000, 312500.00, 12288, 14.92, 13.82, 17.43, 19.44, 16.23, 16.23, 18.96, 16.61, 16.61
2026-06-25, 00:30:40, 88000000, 90500000, 312500.00, 13312, 11.84, 9.53, 9.08, 13.61, 10.00, 10.00, 9.95, 15.96, 15.96
2026-06-25, 00:30:40, 90500000, 93000000, 312500.00, 13312, 10.81, 14.40, 9.27, 9.37, 18.41, 18.41, 11.35, 8.58, 8.58
2026-06-25, 00:30:40, 93000000, 95500000, 312500.00, 13312, 13.88, 14.17, 21.66, 15.35, 13.63, 13.63, 12.85, 13.59, 13.59
2026-06-25, 00:30:40, 95500000, 98000000, 312500.00, 13312, 12.55, 12.83, 18.31, 12.74, 15.56, 15.56, 12.65, 15.04, 15.04
2026-06-25, 00:30:40, 98000000, 100500000, 312500.00, 13312, 7.64, 17.45, 9.47, 9.30, 10.18, 10.18, 9.58, 9.67, 9.67
2026-06-25, 00:30:40, 100500000, 103000000, 312500.00, 13312, 15.41, 16.92, 15.11, 15.38, 14.87, 14.87, 14.70, 16.38, 16.38
2026-06-25, 00:30:40, 103000000, 105500000, 312500.00, 13312, 0.67, 3.15, 3.61, 2.63, 4.70, 4.70, 4.47, 4.63, 4.63
2026-06-25, 00:30:40, 105500000, 108000000, 312500.00, 13312, 14.99, 13.82, 17.12, 19.46, 16.61, 16.61, 19.10, 16.17, 16.17
2026-06-25, 00:30:50, 88000000, 90500000, 312500.00, 12288, 11.87, 9.55, 9.11, 13.80, 10.14, 10.14, 9.97, 15.90, 15.90
2026-06-25, 00:30:50, 90500000, 93000000, 312500.00, 12288, 10.97, 14.18, 9.26, 9.35, 18.49, 18.49, 11.28, 8.55, 8.55
2026-06-25, 00:30:50, 93000000, 95500000, 312500.00, 12288, 13.79, 14.08, 21.71, 15.31, 13.55, 13.55, 12.76, 13.53, 13.53
2026-06-25, 00:30:50, 95500000, 98000000, 312500.00, 12288, 12.37, 12.73, 18.37, 12.57, 15.76, 15.76, 12.45, 14.98, 14.98
2026-06-25, 00:30:50, 98000000, 100500000, 312500.00, 12288, 7.22, 17.37, 9.22, 9.03, 10.05, 10.05, 9.36, 9.48, 9.48
2026-06-25, 00:30:50, 100500000, 103000000, 312500.00, 12288, 16.19, 16.85, 15.29, 15.84, 15.31, 15.31, 15.50, 16.76, 16.76
2026-06-25, 00:30:50, 103000000, 105500000, 312500.00, 12288, 0.68, 3.06, 3.75, 2.68, 4.52, 4.52, 4.52, 4.65, 4.65
2026-06-25, 00:30:50, 105500000, 108000000, 312500.00, 12288, 15.05, 14.08, 17.39, 19.41, 16.20, 16.20, 19.03, 16.41, 16.41
2026-06-25, 00:31:00, 88000000, 90500000, 312500.00, 13312, 11.84, 9.47, 9.12, 13.65, 10.13, 10.13, 9.83, 15.94, 15.94
2026-06-25, 00:31:00, 90500000, 93000000, 312500.00, 13312, 10.68, 14.62, 9.29, 9.45, 18.44, 18.44, 11.32, 8.58, 8.58
2026-06-25, 00:31:00, 93000000, 95500000, 312500.00, 13312, 13.87, 14.20, 21.72, 15.29, 13.66, 13.66, 12.84, 13.58, 13.58
2026-06-25, 00:31:00, 95500000, 98000000, 312500.00, 13312, 12.53, 12.86, 18.35, 12.65, 15.58, 15.58, 12.51, 15.07, 15.07
2026-06-25, 00:31:00, 98000000, 100500000, 312500.00, 13312, 7.62, 17.47, 9.60, 9.31, 10.34, 10.34, 9.62, 9.63, 9.63
2026-06-25, 00:31:00, 100500000, 103000000, 312500.00, 13312, 16.31, 16.63, 15.30, 15.98, 15.53, 15.53, 15.64, 16.86, 16.86
2026-06-25, 00:31:00, 103000000, 105500000, 312500.00, 13312, 0.67, 2.96, 3.73, 2.64, 4.56, 4.56, 4.27, 4.41, 4.41
2026-06-25, 00:31:00, 105500000, 108000000, 312500.00, 13312, 15.00, 14.00, 17.09, 19.49, 16.63, 16.63, 19.00, 16.09, 16.09
2026-06-25, 00:31:10, 88000000, 90500000, 312500.00, 13312, 11.64, 9.55, 9.33, 13.61, 10.16, 10.16, 9.94, 16.09, 16.09
2026-06-25, 00:31:10, 90500000, 93000000, 312500.00, 13312, 10.64, 14.58, 9.16, 9.40, 18.35, 18.35, 11.34, 8.42, 8.42
2026-06-25, 00:31:10, 93000000, 95500000, 312500.00, 13312, 14.03, 14.45, 21.68, 15.35, 13.75, 13.75, 12.95, 13.66, 13.66
2026-06-25, 00:31:10, 95500000, 98000000, 312500.00, 13312, 12.45, 12.79, 18.25, 12.61, 15.62, 15.62, 12.43, 15.13, 15.13
2026-06-25, 00:31:10, 98000000, 100500000, 312500.00, 13312, 7.33, 17.37, 9.42, 9.17, 10.54, 10.54, 9.58, 9.56, 9.56
2026-06-25, 00:31:10, 100500000, 103000000, 312500.00, 13312, 15.80, 17.00, 15.48, 15.67, 14.96, 14.96, 15.31, 16.65, 16.65
2026-06-25, 00:31:10, 103000000, 105500000, 312500.00, 13312, 0.62, 3.22, 3.65, 2.54, 4.72, 4.72, 4.39, 4.38, 4.38
2026-06-25, 00:31:10, 105500000, 108000000, 312500.00, 13312, 14.99, 13.77, 17.02, 19.48, 16.73, 16.73, 19.09, 16.11, 16.11
2026-06-25, 00:31:20, 88000000, 90500000, 312500.00, 12288, 11.95, 9.53, 9.27, 13.66, 10.18, 10.18, 10.00, 15.99, 15.99
2026-06-25, 00:31:20, 90500000, 93000000, 312500.00, 12288, 10.89, 14.19, 9.04, 9.38, 18.51, 18.51, 11.28, 8.43, 8.43
2026-06-25, 00:31:20, 93000000, 95500000, 312500.00, 12288, 13.69, 14.13, 21.64, 15.32, 13.57, 13.57, 12.71, 13.54, 13.54
2026-06-25, 00:31:20, 95500000, 98000000, 312500.00, 12288, 12.64, 12.89, 18.41, 12.76, 15.73, 15.73, 12.59, 15.03, 15.03
2026-06-25, 00:31:20, 98000000, 100500000, 312500.00, 12288, 7.48, 17.46, 9.49, 9.13, 9.82, 9.82, 9.54, 9.68, 9.68
2026-06-25, 00:31:20, 100500000, 103000000, 312500.00, 12288, 16.54, 16.77, 15.32, 15.56, 15.53, 15.53, 15.80, 17.23, 17.23
2026-06-25, 00:31:20, 103000000, 105500000, 312500.00, 12288, 0.54, 3.07, 3.56, 2.68, 4.31, 4.31, 4.36, 4.99, 4.99
2026-06-25, 00:31:20, 105500000, 108000000, 312500.00, 12288, 14.97, 13.88, 17.50, 19.41, 16.13, 16.13, 18.98, 16.62, 16.62
2026-06-25, 00:31:30, 88000000, 90500000, 312500.00, 13312, 11.91, 9.50, 9.22, 13.70, 10.11, 10.11, 9.97, 15.94, 15.94
2026-06-25, 00:31:30, 90500000, 93000000, 312500.00, 13312, 10.63, 14.51, 9.23, 9.37, 18.38, 18.38, 11.44, 8.55, 8.55
2026-06-25, 00:31:30, 93000000, 95500000, 312500.00, 13312, 13.93, 14.20, 21.75, 15.20, 13.63, 13.63, 12.79, 13.60, 13.60
2026-06-25, 00:31:30, 95500000, 98000000, 312500.00, 13312, 12.47, 12.71, 18.37, 12.64, 15.69, 15.69, 12.48, 14.93, 14.93
2026-06-25, 00:31:30, 98000000, 100500000, 312500.00, 13312, 7.29, 17.50, 9.39, 9.12, 10.14, 10.14, 9.55, 9.58, 9.58
2026-06-25, 00:31:30, 100500000, 103000000, 312500.00, 13312, 15.93, 16.91, 15.45, 15.78, 15.22, 15.22, 15.45, 16.88, 16.88
2026-06-25, 00:31:30, 103000000, 105500000, 312500.00, 13312, 0.56, 3.04, 3.75, 2.63, 4.83, 4.83, 4.58, 4.69, 4.69
2026-06-25, 00:31:30, 105500000, 108000000, 312500.00, 13312, 14.99, 13.87, 17.16, 19.49, 16.53, 16.53, 19.04, 16.28, 16.28
2026-06-25, 00:31:40, 88000000, 90500000, 312500.00, 13312, 11.74, 9.44, 9.08, 13.60, 10.06, 10.06, 9.86, 15.87, 15.87
2026-06-25, 00:31:40, 90500000, 93000000, 312500.00, 13312, 10.83, 14.31, 9.29, 9.44, 18.42, 18.42, 11.38, 8.62, 8.62
2026-06-25, 00:31:40, 93000000, 95500000, 312500.00, 13312, 13.74, 14.25, 21.59, 15.46, 13.55, 13.55, 12.81, 13.58, 13.58
2026-06-25, 00:31:40, 95500000, 98000000, 312500.00, 13312, 12.56, 12.79, 18.33, 12.68, 15.66, 15.66, 12.53, 15.05, 15.05
2026-06-25, 00:31:40, 98000000, 100500000, 312500.00, 13312, 7.32, 17.51, 9.49, 9.14, 10.33, 10.33, 9.48, 9.61, 9.61
2026-06-25, 00:31:40, 100500000, 103000000, 312500.00, 13312, 15.73, 16.96, 15.30, 15.71, 15.14, 15.14, 15.49, 16.75, 16.75
2026-06-25, 00:31:40, 103000000, 105500000, 312500.00, 13312, 0.68, 3.02, 3.41, 2.50, 4.41, 4.41, 4.49, 4.61, 4.61
2026-06-25, 00:31:40, 105500000, 108000000, 312500.00, 13312, 14.70, 13.64, 17.74, 19.22, 15.73, 15.73, 19.19, 17.00, 17.00
2026-06-25, 00:31:50, 88000000, 90500000, 312500.00, 12288, 11.64, 9.39, 9.08, 13.64, 10.11, 10.11, 9.82, 16.00, 16.00
2026-06-25, 00:31:50, 90500000, 93000000, 312500.00, 12288, 10.71, 14.36, 9.25, 9.44, 18.51, 18.51, 11.47, 8.58, 8.58
2026-06-25, 00:31:50, 93000000, 95500000, 312500.00, 12288, 13.72, 14.14, 21.62, 15.39, 13.47, 13.47, 12.75, 13.52, 13.52
2026-06-25, 00:31:50, 95500000, 98000000, 312500.00, 12288, 12.60, 12.81, 18.40, 12.70, 15.67, 15.67, 12.62, 15.00, 15.00
2026-06-25, 00:31:50, 98000000, 100500000, 312500.00, 12288, 7.38, 17.33, 9.46, 9.22, 10.20, 10.20, 9.47, 9.55, 9.55
2026-06-25, 00:31:50, 100500000, 103000000, 312500.00, 12288, 16.08, 16.87, 15.31, 16.09, 15.39, 15.39, 15.33, 16.67, 16.67
2026-06-25, 00:31:50, 103000000, 105500000, 312500.00, 12288, 0.84, 3.16, 3.46, 2.56, 4.77, 4.77, 4.46, 5.01, 5.01
2026-06-25, 00:31:50, 105500000, 108000000, 312500.00, 12288, 14.92, 13.87, 16.96, 19.52, 16.80, 16.80, 19.14, 15.84, 15.84
2026-06-25, 00:32:00, 88000000, 90500000, 312500.00, 13312, 12.04, 9.58, 9.12, 13.72, 10.13, 10.13, 9.90, 15.84, 15.84
2026-06-25, 00:32:00, 90500000, 93000000, 312500.00, 13312, 10.72, 14.46, 9.30, 9.31, 18.54, 18.54, 11.26, 8.54, 8.54
2026-06-25, 00:32:00, 93000000, 95500000, 312500.00, 13312, 13.90, 14.07, 21.72, 15.18, 13.61, 13.61, 12.72, 13.55, 13.55
2026-06-25, 00:32:00, 95500000, 98000000, 312500.00, 13312, 12.57, 12.78, 18.32, 12.65, 15.63, 15.63, 12.56, 14.94, 14.94
2026-06-25, 00:32:00, 98000000, 100500000, 312500.00, 13312, 7.22, 17.43, 9.39, 9.19, 10.28, 10.28, 9.50, 9.59, 9.59
2026-06-25, 00:32:00, 100500000, 103000000, 312500.00, 13312, 16.11, 16.86, 15.30, 16.03, 15.35, 15.35, 15.47, 16.80, 16.80
2026-06-25, 00:32:00, 103000000, 105500000, 312500.00, 13312, 0.91, 3.11, 3.37, 2.53, 4.70, 4.70, 4.53, 4.70, 4.70
2026-06-25, 00:32:00, 105500000, 108000000, 312500.00, 13312, 14.84, 13.61, 17.43, 19.48, 16.26, 16.26, 19.03, 16.65, 16.65
2026-06-25, 00:32:10, 88000000, 90500000, 312500.00, 12288, 11.53, 9.37, 9.03, 13.60, 10.12, 10.12, 9.75, 16.03, 16.03
2026-06-25, 00:32:10, 90500000, 93000000, 312500.00, 12288, 10.79, 14.31, 9.14, 9.44, 18.50, 18.50, 11.26, 8.56, 8.56
2026-06-25, 00:32:10, 93000000, 95500000, 312500.00, 12288, 13.91, 14.25, 21.62, 15.58, 13.58, 13.58, 12.82, 13.61, 13.61
2026-06-25, 00:32:10, 95500000, 98000000, 312500.00, 12288, 12.43, 12.76, 18.33, 12.59, 15.58, 15.58, 12.50, 15.06, 15.06
2026-06-25, 00:32:10, 98000000, 100500000, 312500.00, 12288, 7.21, 17.33, 9.39, 9.16, 10.18, 10.18, 9.49, 9.55, 9.55
2026-06-25, 00:32:10, 100500000, 103000000, 312500.00, 12288, 15.79, 16.80, 15.24, 15.85, 15.18, 15.18, 15.22, 16.66, 16.66
2026-06-25, 00:32:10, 103000000, 105500000, 312500.00, 12288, 0.82, 2.96, 3.42, 2.52, 4.40, 4.40, 4.29, 4.57, 4.57
2026-06-25, 00:32:10, 105500000, 108000000, 312500.00, 12288, 14.92, 13.78, 17.25, 19.42, 16.45, 16.45, 19.12, 16.32, 16.32
2026-06-25, 00:32:20, 88000000, 90500000, 312500.00, 13312, 12.01, 9.51, 9.13, 13.67, 10.06, 10.06, 9.78, 15.86, 15.86
2026-06-25, 00:32:20, 90500000, 93000000, 312500.00, 13312, 10.77, 14.40, 9.18, 9.28, 18.53, 18.53, 11.26, 8.50, 8.50
2026-06-25, 00:32:20, 93000000, 95500000, 312500.00, 13312, 13.78, 14.00, 21.72, 15.29, 13.50, 13.50, 12.71, 13.53, 13.53
2026-06-25, 00:32:20, 95500000, 98000000, 312500.00, 13312, 12.49, 12.64, 18.44, 12.60, 15.64, 15.64, 12.62, 14.84, 14.84
2026-06-25, 00:32:20, 98000000, 100500000, 312500.00, 13312, 7.50, 17.32, 9.55, 9.20, 10.32, 10.32, 9.48, 9.54, 9.54
2026-06-25, 00:32:20, 100500000, 103000000, 312500.00, 13312, 16.43, 16.80, 15.44, 15.80, 15.61, 15.61, 16.08, 17.21, 17.21
2026-06-25, 00:32:20, 103000000, 105500000, 312500.00, 13312, 0.87, 3.23, 3.53, 2.64, 4.39, 4.39, 4.60, 4.87, 4.87
2026-06-25, 00:32:20, 105500000, 108000000, 312500.00, 13312, 14.90, 13.44, 17.11, 19.48, 16.76, 16.76, 19.15, 16.15, 16.15
2026-06-25, 00:32:30, 88000000, 90500000, 312500.00, 13312, 12.01, 9.52, 9.14, 13.66, 10.14, 10.14, 9.93, 15.96, 15.96
2026-06-25, 00:32:30, 90500000, 93000000, 312500.00, 13312, 10.82, 14.51, 9.28, 9.46, 18.34, 18.34, 11.36, 8.52, 8.52
2026-06-25, 00:32:30, 93000000, 95500000, 312500.00, 13312, 13.93, 14.07, 21.81, 15.11, 13.60, 13.60, 12.86, 13.58, 13.58
2026-06-25, 00:32:30, 95500000, 98000000, 312500.00, 13312, 12.54, 12.86, 18.38, 12.63, 15.57, 15.57, 12.61, 14.92, 14.92
2026-06-25, 00:32:30, 98000000, 100500000, 312500.00, 13312, 7.22, 17.40, 9.34, 9.12, 10.21, 10.21, 9.56, 9.54, 9.54
2026-06-25, 00:32:30, 100500000, 103000000, 312500.00, 13312, 15.93, 16.86, 15.40, 15.89, 15.40, 15.40, 15.77, 16.78, 16.78
2026-06-25, 00:32:30, 103000000, 105500000, 312500.00, 13312, 0.82, 2.87, 3.67, 2.50, 4.48, 4.48, 4.27, 4.45, 4.45
2026-06-25, 00:32:30, 105500000, 108000000, 312500.00, 13312, 14.60, 13.54, 17.71, 19.19, 15.93, 15.93, 19.28, 16.89, 16.89
2026-06-25, 00:32:40, 88000000, 90500000, 312500.00, 12288, 11.91, 9.51, 9.32, 13.57, 10.11, 10.11, 9.77, 15.79, 15.79
2026-06-25, 00:32:40, 90500000, 93000000, 312500.00, 12288, 10.81, 14.38, 9.19, 9.42, 18.48, 18.48, 11.37, 8.55, 8.55
2026-06-25, 00:32:40, 93000000, 95500000, 312500.00, 12288, 13.99, 14.17, 21.82, 15.11, 13.76, 13.76, 12.84, 13.57, 13.57
2026-06-25, 00:32:40, 95500000, 98000000, 312500.00, 12288, 12.41, 12.69, 18.47, 12.62, 15.43, 15.43, 12.52, 15.05, 15.05
2026-06-25, 00:32:40, 98000000, 100500000, 312500.00, 12288, 7.56, 17.22, 9.51, 9.25, 10.12, 10.12, 9.54, 9.62, 9.62
2026-06-25, 00:32:40, 100500000, 103000000, 312500.00, 12288, 15.85, 16.92, 15.23, 16.01, 15.40, 15.40, 15.44, 16.62, 16.62
2026-06-25, 00:32:40, 103000000, 105500000, 312500.00, 12288, 0.75, 3.00, 3.37, 2.58, 4.21, 4.21, 4.39, 4.86, 4.86
2026-06-25, 00:32:40, 105500000, 108000000, 312500.00, 12288, 14.82, 14.25, 17.25, 19.28, 16.33, 16.33, 19.28, 15.86, 15.86
2026-06-25, 00:32:50, 88000000, 90500000, 312500.00, 13312, 11.95, 9.52, 9.24, 13.61, 10.19, 10.19, 9.99, 15.86, 15.86
2026-06-25, 00:32:50, 90500000, 93000000, 312500.00, 13312, 10.67, 14.47, 9.27, 9.41, 18.41, 18.41, 11.31, 8.58, 8.58
2026-06-25, 00:32:50, 93000000, 95500000, 312500.00, 13312, 14.03, 14.21, 21.75, 15.30, 13.71, 13.71, 12.85, 13.60, 13.60
2026-06-25, 00:32:50, 95500000, 98000000, 312500.00, 13312, 12.39, 12.66, 18.46, 12.54, 15.38, 15.38, 12.40, 14.94, 14.94
2026-06-25, 00:32:50, 98000000, 100500000, 312500.00, 13312, 7.48, 17.45, 9.51, 9.19, 10.22, 10.22, 9.54, 9.59, 9.59
2026-06-25, 00:32:50, 100500000, 103000000, 312500.00, 13312, 15.95, 16.89, 15.19, 16.08, 15.25, 15.25, 15.32, 16.66, 16.66
2026-06-25, 00:32:50, 103000000, 105500000, 312500.00, 13312, 0.73, 3.00, 3.79, 2.69, 4.29, 4.29, 4.50, 4.68, 4.68
2026-06-25, 00:32:50, 105500000, 108000000, 312500.00, 13312, 14.87, 13.65, 17.15, 19.44, 16.61, 16.61, 19.15, 16.22, 16.22
2026-06-25, 00:33:00, 88000000, 90500000, 312500.00, 12288, 12.01, 9.48, 9.14, 13.61, 10.14, 10.14, 9.80, 15.70, 15.70
2026-06-25, 00:33:00, 90500000, 93000000, 312500.00, 12288, 10.72, 14.38, 9.21, 9.36, 18.42, 18.42, 11.35, 8.61, 8.61
2026-06-25, 00:33:00, 93000000, 95500000, 312500.00, 12288, 13.98, 14.33, 21.57, 15.65, 13.68, 13.68, 12.90, 13.68, 13.68
2026-06-25, 00:33:00, 95500000, 98000000, 312500.00, 12288, 12.32, 12.77, 18.43, 12.55, 15.51, 15.51, 12.41, 14.96, 14.96
2026-06-25, 00:33:00, 98000000, 100500000, 312500.00, 12288, 7.21, 17.31, 9.34, 9.13, 10.05, 10.05, 9.43, 9.42, 9.42
2026-06-25, 00:33:00, 100500000, 103000000, 312500.00, 12288, 15.48, 16.85, 15.14, 16.07, 15.27, 15.27, 15.09, 16.41, 16.41
2026-06-25, 00:33:00, 103000000, 105500000, 312500.00, 12288, 0.81, 2.82, 3.48, 2.47, 4.65, 4.65, 4.36, 4.57, 4.57
2026-06-25, 00:33:00, 105500000, 108000000, 312500.00, 12288, 14.86, 13.78, 17.45, 19.38, 16.12, 16.12, 19.13, 16.50, 16.50
2026-06-25, 00:33:10, 88000000, 90500000, 312500.00, 13312, 11.65, 9.56, 8.98, 13.59, 10.03, 10.03, 9.81, 16.01, 16.01
2026-06-25, 00:33:10, 90500000, 93000000, 312500.00, 13312, 10.93, 14.48, 9.33, 9.52, 18.54, 18.54, 11.25, 8.58, 8.58
2026-06-25, 00:33:10, 93000000, 95500000, 312500.00, 13312, 14.06, 14.20, 21.73, 15.24, 13.67, 13.67, 12.91, 13.71, 13.71
2026-06-25, 00:33:10, 95500000, 98000000, 312500.00, 13312, 12.56, 12.98, 18.41, 12.80, 15.45, 15.45, 12.58, 15.04, 15.04
2026-06-25, 00:33:10, 98000000, 100500000, 312500.00, 13312, 7.60, 17.24, 9.53, 9.23, 10.46, 10.46, 9.58, 9.50, 9.50
2026-06-25, 00:33:10, 100500000, 103000000, 312500.00, 13312, 15.98, 16.90, 15.21, 16.16, 15.40, 15.40, 15.39, 16.48, 16.48
2026-06-25, 00:33:10, 103000000, 105500000, 312500.00, 13312, 0.84, 2.89, 3.41, 2.68, 4.63, 4.63, 4.42, 4.87, 4.87
2026-06-25, 00:33:10, 105500000, 108000000, 312500.00, 13312, 14.87, 13.89, 17.15, 19.39, 16.57, 16.57, 19.22, 16.08, 16.08
2026-06-25, 00:33:20, 88000000, 90500000, 312500.00, 13312, 11.97, 9.46, 9.25, 13.59, 10.17, 10.17, 9.77, 15.67, 15.67
2026-06-25, 00:33:20, 90500000, 93000000, 312500.00, 13312, 11.00, 14.51, 9.36, 9.57, 18.65, 18.65, 11.20, 8.68, 8.68
2026-06-25, 00:33:20, 93000000, 95500000, 312500.00, 13312, 13.91, 14.16, 21.72, 15.36, 13.67, 13.67, 12.82, 13.65, 13.65
2026-06-25, 00:33:20, 95500000, 98000000, 312500.00, 13312, 12.47, 12.74, 18.41, 12.58, 15.69, 15.69, 12.40, 15.04, 15.04
2026-06-25, 00:33:20, 98000000, 100500000, 312500.00, 13312, 7.43, 17.30, 9.48, 9.24, 10.18, 10.18, 9.48, 9.55, 9.55
2026-06-25, 00:33:20, 100500000, 103000000, 312500.00, 13312, 16.31, 16.81, 15.38, 15.72, 15.51, 15.51, 15.80, 17.16, 17.16
2026-06-25, 00:33:20, 103000000, 105500000, 312500.00, 13312, 0.58, 2.74, 3.59, 2.56, 4.54, 4.54, 4.46, 4.64, 4.64
2026-06-25, 00:33:20, 105500000, 108000000, 312500.00, 13312, 14.80, 13.62, 17.14, 19.42, 16.68, 16.68, 19.20, 16.17, 16.17
2026-06-25, 00:33:30, 88000000, 90500000, 312500.00, 12288, 11.81, 9.45, 8.93, 13.68, 10.03, 10.03, 9.79, 15.87, 15.87
2026-06-25, 00:33:30, 90500000, 93000000, 312500.00, 12288, 10.57, 14.59, 9.31, 9.50, 18.62, 18.62, 11.20, 8.56, 8.56
2026-06-25, 00:33:30, 93000000, 95500000, 312500.00, 12288, 13.90, 14.13, 21.63, 15.50, 13.60, 13.60, 12.80, 13.59, 13.59
2026-06-25, 00:33:30, 95500000, 98000000, 312500.00, 12288, 12.41, 12.67, 18.39, 12.59, 15.60, 15.60, 12.46, 14.91, 14.91
2026-06-25, 00:33:30, 98000000, 100500000, 312500.00, 12288, 7.51, 17.40, 9.52, 9.23, 10.43, 10.43, 9.56, 9.51, 9.51
2026-06-25, 00:33:30, 100500000, 103000000, 312500.00, 12288, 15.78, 16.84, 15.22, 15.76, 15.15, 15.15, 15.31, 16.54, 16.54
2026-06-25, 00:33:30, 103000000, 105500000, 312500.00, 12288, 0.75, 3.10, 3.65, 2.59, 4.48, 4.48, 4.43, 4.71, 4.71
2026-06-25, 00:33:30, 105500000, 108000000, 312500.00, 12288, 14.83, 13.75, 17.20, 19.48, 16.59, 16.59, 19.19, 16.09, 16.09
2026-06-25, 00:33:40, 88000000, 90500000, 312500.00, 13312, 11.71, 9.47, 9.09, 13.69, 10.02, 10.02, 9.87, 15.94, 15.94
2026-06-25, 00:33:40, 90500000, 93000000, 312500.00, 13312, 10.96, 14.43, 9.37, 9.59, 18.61, 18.61, 11.23, 8.73, 8.73
2026-06-25, 00:33:40, 93000000, 95500000, 312500.00, 13312, 13.90, 14.21, 21.61, 15.68, 13.67, 13.67, 12.89, 13.71, 13.71
2026-06-25, 00:33:40, 95500000, 98000000, 312500.00, 13312, 12.35, 12.67, 18.37, 12.55, 15.52, 15.52, 12.41, 14.94, 14.94
2026-06-25, 00:33:40, 98000000, 100500000, 312500.00, 13312, 7.32, 17.27, 9.48, 9.18, 10.36, 10.36, 9.52, 9.48, 9.48
2026-06-25, 00:33:40, 100500000, 103000000, 312500.00, 13312, 16.17, 16.90, 15.48, 16.25, 15.52, 15.52, 15.41, 16.43, 16.43
2026-06-25, 00:33:40, 103000000, 105500000, 312500.00, 13312, 0.63, 3.17, 3.47, 2.54, 4.55, 4.55, 4.58, 4.89, 4.89
2026-06-25, 00:33:40, 105500000, 108000000, 312500.00, 13312, 15.10, 13.91, 17.16, 19.49, 16.49, 16.49, 18.97, 16.22, 16.22
2026-06-25, 00:33:50, 88000000, 90500000, 312500.00, 12288, 11.74, 9.51, 9.19, 13.68, 10.08, 10.08, 9.85, 15.96, 15.96
2026-06-25, 00:33:50, 90500000, 93000000, 312500.00, 12288, 10.70, 14.34, 9.20, 9.38, 18.62, 18.62, 11.18, 8.53, 8.53
2026-06-25, 00:33:50, 93000000, 95500000, 312500.00, 12288, 13.84, 14.23, 21.59, 15.64, 13.58, 13.58, 12.83, 13.64, 13.64
2026-06-25, 00:33:50, 95500000, 98000000, 312500.00, 12288, 12.33, 12.75, 18.42, 12.53, 15.47, 15.47, 12.47, 15.03, 15.03
2026-06-25, 00:33:50, 98000000, 100500000, 312500.00, 12288, 7.06, 17.19, 9.38, 9.17, 10.43, 10.43, 9.44, 9.36, 9.36
2026-06-25, 00:33:50, 100500000, 103000000, 312500.00, 12288, 16.18, 16.71, 15.36, 15.91, 15.62, 15.62, 15.71, 16.83, 16.83
2026-06-25, 00:33:50, 103000000, 105500000, 312500.00, 12288, 0.77, 3.07, 3.38, 2.43, 4.54, 4.54, 4.28, 4.70, 4.70
2026-06-25, 00:33:50, 105500000, 108000000, 312500.00, 12288, 14.83, 13.87, 17.39, 19.39, 16.24, 16.24, 19.14, 16.44, 16.44
2026-06-25, 00:34:00, 88000000, 90500000, 312500.00, 13312, 12.07, 9.46, 9.08, 13.72, 9.99, 9.99, 9.90, 15.92, 15.92
2026-06-25, 00:34:00, 90500000, 93000000, 312500.00, 13312, 10.87, 14.37, 9.23, 9.36, 18.48, 18.48, 11.23, 8.46, 8.46
2026-06-25, 00:34:00, 93000000, 95500000, 312500.00, 13312, 13.57, 14.05, 21.52, 15.60, 13.49, 13.49, 12.67, 13.48, 13.48
2026-06-25, 00:34:00, 95500000, 98000000, 312500.00, 13312, 12.69, 12.94, 18.31, 12.81, 15.66, 15.66, 12.71, 15.16, 15.16
2026-06-25, 00:34:00, 98000000, 100500000, 312500.00, 13312, 7.28, 17.26, 9.47, 9.18, 10.13, 10.13, 9.47, 9.42, 9.42
2026-06-25, 00:34:00, 100500000, 103000000, 312500.00, 13312, 15.82, 16.76, 15.30, 15.74, 15.20, 15.20, 15.33, 16.79, 16.79
2026-06-25, 00:34:00, 103000000, 105500000, 312500.00, 13312, 0.80, 2.94, 3.53, 2.64, 4.49, 4.49, 4.41, 4.79, 4.79
2026-06-25, 00:34:00, 105500000, 108000000, 312500.00, 13312, 14.75, 13.61, 17.47, 19.28, 16.26, 16.26, 19.21, 16.54, 16.54
2026-06-25, 00:34:10, 88000000, 90500000, 312500.00, 13312, 11.90, 9.55, 9.27, 13.70, 10.08, 10.08, 9.93, 16.07, 16.07
2026-06-25, 00:34:10, 90500000, 93000000, 312500.00, 13312, 10.68, 14.26, 9.14, 9.20, 18.48, 18.48, 11.16, 8.40, 8.40
2026-06-25, 00:34:10, 93000000, 95500000, 312500.00, 13312, 13.68, 13.99, 21.69, 15.23, 13.42, 13.42, 12.67, 13.48, 13.48
2026-06-25, 00:34:10, 95500000, 98000000, 312500.00, 13312, 12.55, 12.86, 18.31, 12.73, 15.59, 15.59, 12.57, 15.10, 15.10
2026-06-25, 00:34:10, 98000000, 100500000, 312500.00, 13312, 7.04, 17.23, 9.32, 9.15, 10.47, 10.47, 9.49, 9.44, 9.44
2026-06-25, 00:34:10, 100500000, 103000000, 312500.00, 13312, 16.11, 16.78, 15.38, 15.85, 15.45, 15.45, 15.83, 16.95, 16.95
2026-06-25, 00:34:10, 103000000, 105500000, 312500.00, 13312, 0.79, 3.18, 3.25, 2.56, 4.09, 4.09, 4.32, 5.15, 5.15
2026-06-25, 00:34:10, 105500000, 108000000, 312500.00, 13312, 14.67, 13.66, 17.49, 19.32, 16.16, 16.16, 19.18, 16.58, 16.58
2026-06-25, 00:34:20, 88000000, 90500000, 312500.00, 12288, 11.82, 9.53, 9.03, 13.68, 10.04, 10.04, 9.88, 16.20, 16.20
2026-06-25, 00:34:20, 90500000, 93000000, 312500.00, 12288, 10.86, 14.57, 9.22, 9.28, 18.34, 18.34, 11.19, 8.48, 8.48
2026-06-25, 00:34:20, 93000000, 95500000, 312500.00, 12288, 13.83, 14.06, 21.82, 14.90, 13.57, 13.57, 12.77, 13.51, 13.51
2026-06-25, 00:34:20, 95500000, 98000000, 312500.00, 12288, 12.67, 12.98, 18.34, 12.82, 15.73, 15.73, 12.69, 15.12, 15.12
2026-06-25, 00:34:20, 98000000, 100500000, 312500.00, 12288, 7.52, 17.34, 9.52, 9.36, 10.21, 10.21, 9.55, 9.76, 9.76
2026-06-25, 00:34:20, 100500000, 103000000, 312500.00, 12288, 16.19, 16.74, 15.28, 15.83, 15.52, 15.52, 15.66, 16.75, 16.75
2026-06-25, 00:34:20, 103000000, 105500000, 312500.00, 12288, 0.45, 2.78, 3.89, 2.68, 4.69, 4.69, 4.49, 4.75, 4.75
2026-06-25, 00:34:20, 105500000, 108000000, 312500.00, 12288, 14.89, 13.75, 17.69, 19.32, 15.87, 15.87, 19.01, 16.93, 16.93
2026-06-25, 00:34:30, 88000000, 90500000, 312500.00, 13312, 12.12, 9.52, 9.11, 13.74, 10.11, 10.11, 9.80, 15.83, 15.83
2026-06-25, 00:34:30, 90500000, 93000000, 312500.00, 13312, 10.80, 14.62, 9.19, 9.37, 18.22, 18.22, 11.26, 8.44, 8.44
2026-06-25, 00:34:30, 93000000, 95500000, 312500.00, 13312, 14.00, 14.23, 21.70, 15.16, 13.67, 13.67, 12.83, 13.52, 13.52
2026-06-25, 00:34:30, 95500000, 98000000, 312500.00, 13312, 12.47, 12.73, 18.40, 12.63, 15.75, 15.75, 12.52, 15.11, 15.11
2026-06-25, 00:34:30, 98000000, 100500000, 312500.00, 13312, 7.56, 17.38, 9.51, 9.20, 10.42, 10.42, 9.53, 9.52, 9.52
2026-06-25, 00:34:30, 100500000, 103000000, 312500.00, 13312, 15.95, 16.65, 15.29, 15.61, 15.30, 15.30, 15.60, 16.90, 16.90
2026-06-25, 00:34:30, 103000000, 105500000, 312500.00, 13312, 0.68, 3.07, 3.83, 2.75, 4.54, 4.54, 4.36, 4.62, 4.62
2026-06-25, 00:34:30, 105500000, 108000000, 312500.00, 13312, 15.06, 13.73, 17.03, 19.54, 16.78, 16.78, 19.02, 15.97, 15.97
2026-06-25, 00:34:40, 88000000, 90500000, 312500.00, 13312, 12.02, 9.58, 9.19, 13.60, 10.19, 10.19, 9.84, 15.96, 15.96
2026-06-25, 00:34:40, 90500000, 93000000, 312500.00, 13312, 10.92, 14.65, 9.27, 9.54, 18.34, 18.34, 11.42, 8.68, 8.68
2026-06-25, 00:34:40, 93000000, 95500000, 312500.00, 13312, 13.71, 13.97, 21.70, 15.21, 13.43, 13.43, 12.74, 13.41, 13.41
2026-06-25, 00:34:40, 95500000, 98000000, 312500.00, 13312, 12.71, 12.94, 18.32, 12.79, 15.89, 15.89, 12.66, 15.21, 15.21
2026-06-25, 00:34:40, 98000000, 100500000, 312500.00, 13312, 7.48, 17.36, 9.46, 9.20, 10.39, 10.39, 9.58, 9.59, 9.59
2026-06-25, 00:34:40, 100500000, 103000000, 312500.00, 13312, 15.73, 16.78, 15.28, 15.75, 15.19, 15.19, 15.37, 16.65, 16.65
2026-06-25, 00:34:40, 103000000, 105500000, 312500.00, 13312, 0.44, 2.74, 3.74, 2.67, 4.81, 4.81, 4.45, 4.75, 4.75
2026-06-25, 00:34:40, 105500000, 108000000, 312500.00, 13312, 14.95, 13.84, 17.45, 19.38, 16.15, 16.15, 19.01, 16.61, 16.61
2026-06-25, 00:34:50, 88000000, 90500000, 312500.00, 12288, 11.77, 9.48, 9.20, 13.71, 10.17, 10.17, 9.91, 16.18, 16.18
2026-06-25, 00:34:50, 90500000, 93000000, 312500.00, 12288, 10.81, 14.35, 9.15, 9.37, 18.38, 18.38, 11.37, 8.50, 8.50
2026-06-25, 00:34:50, 93000000, 95500000, 312500.00, 12288, 13.78, 14.10, 21.75, 15.16, 13.60, 13.60, 12.69, 13.53, 13.53
2026-06-25, 00:34:50, 95500000, 98000000, 312500.00, 12288, 12.55, 12.74, 18.37, 12.68, 15.78, 15.78, 12.53, 15.06, 15.06
2026-06-25, 00:34:50, 98000000, 100500000, 312500.00, 12288, 7.33, 17.38, 9.41, 9.15, 10.11, 10.11, 9.39, 9.46, 9.46
2026-06-25, 00:34:50, 100500000, 103000000, 312500.00, 12288, 16.23, 16.83, 15.36, 15.96, 15.59, 15.59, 15.73, 16.92, 16.92
2026-06-25, 00:34:50, 103000000, 105500000, 312500.00, 12288, 0.93, 3.31, 4.13, 2.96, 4.43, 4.43, 4.39, 4.80, 4.80
2026-06-25, 00:34:50, 105500000, 108000000, 312500.00, 12288, 15.04, 13.99, 16.97, 19.55, 16.77, 16.77, 19.00, 15.94, 15.94
2026-06-25, 00:35:00, 88000000, 90500000, 312500.00, 13312, 12.04, 9.60, 9.17, 13.71, 10.19, 10.19, 9.88, 16.10, 16.10
2026-06-25, 00:35:00, 90500000, 93000000, 312500.00, 13312, 10.64, 14.38, 9.20, 9.37, 18.46, 18.46, 11.25, 8.47, 8.47
2026-06-25, 00:35:00, 93000000, 95500000, 312500.00, 13312, 13.69, 13.83, 21.82, 14.91, 13.43, 13.43, 12.61, 13.39, 13.39
2026-06-25, 00:35:00, 95500000, 98000000, 312500.00, 13312, 12.65, 12.90, 18.37, 12.76, 15.67, 15.67, 12.65, 15.01, 15.01
2026-06-25, 00:35:00, 98000000, 100500000, 312500.00, 13312, 7.44, 17.38, 9.37, 9.13, 10.19, 10.19, 9.50, 9.53, 9.53
2026-06-25, 00:35:00, 100500000, 103000000, 312500.00, 13312, 16.24, 16.84, 15.51, 15.98, 15.58, 15.58, 15.94, 16.97, 16.97
2026-06-25, 00:35:00, 103000000, 105500000, 312500.00, 13312, 0.85, 3.27, 3.45, 2.64, 4.34, 4.34, 4.48, 4.91, 4.91
2026-06-25, 00:35:00, 105500000, 108000000, 312500.00, 13312, 14.92, 13.85, 17.63, 19.36, 15.93, 15.93, 18.97, 16.76, 16.76
2026-06-25, 00:35:10, 88000000, 90500000, 312500.00, 12288, 11.98, 9.58, 9.17, 13.74, 10.19, 10.19, 9.96, 16.09, 16.09
2026-06-25, 00:35:10, 90500000, 93000000, 312500.00, 12288, 10.71, 14.55, 9.27, 9.45, 18.44, 18.44, 11.26, 8.55, 8.55
2026-06-25, 00:35:10, 93000000, 95500000, 312500.00, 12288, 13.76, 14.19, 21.63, 15.45, 13.51, 13.51, 12.80, 13.53, 13.53
2026-06-25, 00:35:10, 95500000, 98000000, 312500.00, 12288, 12.58, 12.92, 18.31, 12.76, 15.74, 15.74, 12.57, 15.12, 15.12
2026-06-25, 00:35:10, 98000000, 100500000, 312500.00, 12288, 7.36, 17.49, 9.35, 9.20, 10.26, 10.26, 9.52, 9.59, 9.59
2026-06-25, 00:35:10, 100500000, 103000000, 312500.00, 12288, 15.55, 16.86, 15.17, 15.63, 15.05, 15.05, 15.21, 16.54, 16.54
2026-06-25, 00:35:10, 103000000, 105500000, 312500.00, 12288, 0.83, 3.16, 3.69, 2.66, 4.53, 4.53, 4.28, 4.45, 4.45
2026-06-25, 00:35:10, 105500000, 108000000, 312500.00, 12288, 15.09, 14.09, 17.09, 19.51, 16.62, 16.62, 18.91, 16.02, 16.02
